r,x,y_low,y_up
1,1.000000,38.79894,39.67705
2,1.079079,38.79687,39.67372
3,1.158158,38.79481,39.67040
4,1.237237,38.79275,39.66708
5,1.316316,38.79068,39.66376
6,1.395395,38.78861,39.66044
7,1.474474,38.78655,39.65712
8,1.553554,38.78448,39.65379
9,1.632633,38.78242,39.65047
10,1.711712,38.78035,39.64715
11,1.790791,38.77828,39.64384
12,1.869870,38.77621,39.64052
13,1.948949,38.77415,39.63720
14,2.028028,38.77208,39.63388
15,2.107107,38.77001,39.63056
16,2.186186,38.76794,39.62725
17,2.265265,38.76587,39.62393
18,2.344344,38.76380,39.62061
19,2.423423,38.76173,39.61730
20,2.502503,38.75966,39.61398
21,2.581582,38.75759,39.61067
22,2.660661,38.75551,39.60735
23,2.739740,38.75344,39.60404
24,2.818819,38.75137,39.60072
25,2.897898,38.74929,39.59741
26,2.976977,38.74722,39.59410
27,3.056056,38.74515,39.59078
28,3.135135,38.74307,39.58747
29,3.214214,38.74100,39.58416
30,3.293293,38.73892,39.58085
31,3.372372,38.73684,39.57754
32,3.451451,38.73477,39.57423
33,3.530531,38.73269,39.57092
34,3.609610,38.73061,39.56761
35,3.688689,38.72854,39.56430
36,3.767768,38.72646,39.56099
37,3.846847,38.72438,39.55769
38,3.925926,38.72230,39.55438
39,4.005005,38.72022,39.55107
40,4.084084,38.71814,39.54776
41,4.163163,38.71606,39.54446
42,4.242242,38.71398,39.54115
43,4.321321,38.71189,39.53785
44,4.400400,38.70981,39.53454
45,4.479479,38.70773,39.53124
46,4.558559,38.70565,39.52794
47,4.637638,38.70356,39.52463
48,4.716717,38.70148,39.52133
49,4.795796,38.69939,39.51803
50,4.874875,38.69731,39.51473
51,4.953954,38.69522,39.51143
52,5.033033,38.69314,39.50813
53,5.112112,38.69105,39.50483
54,5.191191,38.68896,39.50153
55,5.270270,38.68688,39.49823
56,5.349349,38.68479,39.49493
57,5.428428,38.68270,39.49163
58,5.507508,38.68061,39.48833
59,5.586587,38.67852,39.48504
60,5.665666,38.67643,39.48174
61,5.744745,38.67434,39.47844
62,5.823824,38.67225,39.47515
63,5.902903,38.67016,39.47185
64,5.981982,38.66806,39.46856
65,6.061061,38.66597,39.46526
66,6.140140,38.66388,39.46197
67,6.219219,38.66178,39.45868
68,6.298298,38.65969,39.45539
69,6.377377,38.65759,39.45209
70,6.456456,38.65550,39.44880
71,6.535536,38.65340,39.44551
72,6.614615,38.65130,39.44222
73,6.693694,38.64921,39.43893
74,6.772773,38.64711,39.43564
75,6.851852,38.64501,39.43236
76,6.930931,38.64291,39.42907
77,7.010010,38.64081,39.42578
78,7.089089,38.63871,39.42249
79,7.168168,38.63661,39.41921
80,7.247247,38.63451,39.41592
81,7.326326,38.63241,39.41264
82,7.405405,38.63031,39.40935
83,7.484484,38.62820,39.40607
84,7.563564,38.62610,39.40279
85,7.642643,38.62400,39.39950
86,7.721722,38.62189,39.39622
87,7.800801,38.61979,39.39294
88,7.879880,38.61768,39.38966
89,7.958959,38.61557,39.38638
90,8.038038,38.61347,39.38310
91,8.117117,38.61136,39.37982
92,8.196196,38.60925,39.37654
93,8.275275,38.60714,39.37326
94,8.354354,38.60503,39.36999
95,8.433433,38.60292,39.36671
96,8.512513,38.60081,39.36343
97,8.591592,38.59870,39.36016
98,8.670671,38.59659,39.35688
99,8.749750,38.59448,39.35361
100,8.828829,38.59236,39.35033
101,8.907908,38.59025,39.34706
102,8.986987,38.58814,39.34379
103,9.066066,38.58602,39.34052
104,9.145145,38.58391,39.33725
105,9.224224,38.58179,39.33398
106,9.303303,38.57967,39.33071
107,9.382382,38.57756,39.32744
108,9.461461,38.57544,39.32417
109,9.540541,38.57332,39.32090
110,9.619620,38.57120,39.31763
111,9.698699,38.56908,39.31437
112,9.777778,38.56696,39.31110
113,9.856857,38.56484,39.30783
114,9.935936,38.56271,39.30457
115,10.015015,38.56059,39.30131
116,10.094094,38.55847,39.29804
117,10.173173,38.55634,39.29478
118,10.252252,38.55422,39.29152
119,10.331331,38.55209,39.28826
120,10.410410,38.54997,39.28500
121,10.489489,38.54784,39.28174
122,10.568569,38.54571,39.27848
123,10.647648,38.54359,39.27522
124,10.726727,38.54146,39.27196
125,10.805806,38.53933,39.26870
126,10.884885,38.53720,39.26545
127,10.963964,38.53507,39.26219
128,11.043043,38.53293,39.25894
129,11.122122,38.53080,39.25568
130,11.201201,38.52867,39.25243
131,11.280280,38.52653,39.24918
132,11.359359,38.52440,39.24592
133,11.438438,38.52227,39.24267
134,11.517518,38.52013,39.23942
135,11.596597,38.51799,39.23617
136,11.675676,38.51585,39.23292
137,11.754755,38.51372,39.22967
138,11.833834,38.51158,39.22643
139,11.912913,38.50944,39.22318
140,11.991992,38.50730,39.21993
141,12.071071,38.50516,39.21669
142,12.150150,38.50301,39.21344
143,12.229229,38.50087,39.21020
144,12.308308,38.49873,39.20696
145,12.387387,38.49658,39.20371
146,12.466466,38.49444,39.20047
147,12.545546,38.49229,39.19723
148,12.624625,38.49015,39.19399
149,12.703704,38.48800,39.19075
150,12.782783,38.48585,39.18751
151,12.861862,38.48370,39.18427
152,12.940941,38.48155,39.18104
153,13.020020,38.47940,39.17780
154,13.099099,38.47725,39.17457
155,13.178178,38.47510,39.17133
156,13.257257,38.47295,39.16810
157,13.336336,38.47079,39.16486
158,13.415415,38.46864,39.16163
159,13.494494,38.46648,39.15840
160,13.573574,38.46433,39.15517
161,13.652653,38.46217,39.15194
162,13.731732,38.46001,39.14871
163,13.810811,38.45785,39.14548
164,13.889890,38.45569,39.14226
165,13.968969,38.45353,39.13903
166,14.048048,38.45137,39.13580
167,14.127127,38.44921,39.13258
168,14.206206,38.44705,39.12936
169,14.285285,38.44488,39.12613
170,14.364364,38.44272,39.12291
171,14.443443,38.44055,39.11969
172,14.522523,38.43839,39.11647
173,14.601602,38.43622,39.11325
174,14.680681,38.43405,39.11003
175,14.759760,38.43188,39.10681
176,14.838839,38.42971,39.10360
177,14.917918,38.42754,39.10038
178,14.996997,38.42537,39.09717
179,15.076076,38.42320,39.09395
180,15.155155,38.42102,39.09074
181,15.234234,38.41885,39.08753
182,15.313313,38.41667,39.08431
183,15.392392,38.41450,39.08110
184,15.471471,38.41232,39.07789
185,15.550551,38.41014,39.07469
186,15.629630,38.40796,39.07148
187,15.708709,38.40578,39.06827
188,15.787788,38.40360,39.06507
189,15.866867,38.40142,39.06186
190,15.945946,38.39924,39.05866
191,16.025025,38.39705,39.05545
192,16.104104,38.39487,39.05225
193,16.183183,38.39268,39.04905
194,16.262262,38.39050,39.04585
195,16.341341,38.38831,39.04265
196,16.420420,38.38612,39.03945
197,16.499499,38.38393,39.03625
198,16.578579,38.38174,39.03306
199,16.657658,38.37955,39.02986
200,16.736737,38.37736,39.02667
201,16.815816,38.37516,39.02348
202,16.894895,38.37297,39.02028
203,16.973974,38.37077,39.01709
204,17.053053,38.36858,39.01390
205,17.132132,38.36638,39.01071
206,17.211211,38.36418,39.00752
207,17.290290,38.36198,39.00434
208,17.369369,38.35978,39.00115
209,17.448448,38.35758,38.99797
210,17.527528,38.35538,38.99478
211,17.606607,38.35317,38.99160
212,17.685686,38.35097,38.98842
213,17.764765,38.34876,38.98523
214,17.843844,38.34656,38.98205
215,17.922923,38.34435,38.97888
216,18.002002,38.34214,38.97570
217,18.081081,38.33993,38.97252
218,18.160160,38.33772,38.96935
219,18.239239,38.33551,38.96617
220,18.318318,38.33329,38.96300
221,18.397397,38.33108,38.95982
222,18.476476,38.32887,38.95665
223,18.555556,38.32665,38.95348
224,18.634635,38.32443,38.95031
225,18.713714,38.32221,38.94715
226,18.792793,38.31999,38.94398
227,18.871872,38.31777,38.94081
228,18.950951,38.31555,38.93765
229,19.030030,38.31333,38.93449
230,19.109109,38.31110,38.93132
231,19.188188,38.30888,38.92816
232,19.267267,38.30665,38.92500
233,19.346346,38.30442,38.92184
234,19.425425,38.30219,38.91868
235,19.504505,38.29996,38.91553
236,19.583584,38.29773,38.91237
237,19.662663,38.29550,38.90922
238,19.741742,38.29327,38.90606
239,19.820821,38.29103,38.90291
240,19.899900,38.28880,38.89976
241,19.978979,38.28656,38.89661
242,20.058058,38.28432,38.89346
243,20.137137,38.28208,38.89032
244,20.216216,38.27984,38.88717
245,20.295295,38.27760,38.88403
246,20.374374,38.27535,38.88088
247,20.453453,38.27311,38.87774
248,20.532533,38.27086,38.87460
249,20.611612,38.26862,38.87146
250,20.690691,38.26637,38.86832
251,20.769770,38.26412,38.86518
252,20.848849,38.26187,38.86205
253,20.927928,38.25962,38.85891
254,21.007007,38.25736,38.85578
255,21.086086,38.25511,38.85265
256,21.165165,38.25285,38.84952
257,21.244244,38.25060,38.84639
258,21.323323,38.24834,38.84326
259,21.402402,38.24608,38.84013
260,21.481481,38.24382,38.83700
261,21.560561,38.24156,38.83388
262,21.639640,38.23929,38.83076
263,21.718719,38.23703,38.82763
264,21.797798,38.23476,38.82451
265,21.876877,38.23249,38.82140
266,21.955956,38.23023,38.81828
267,22.035035,38.22796,38.81516
268,22.114114,38.22568,38.81205
269,22.193193,38.22341,38.80893
270,22.272272,38.22114,38.80582
271,22.351351,38.21886,38.80271
272,22.430430,38.21658,38.79960
273,22.509510,38.21431,38.79649
274,22.588589,38.21203,38.79338
275,22.667668,38.20975,38.79028
276,22.746747,38.20746,38.78717
277,22.825826,38.20518,38.78407
278,22.904905,38.20289,38.78097
279,22.983984,38.20061,38.77787
280,23.063063,38.19832,38.77477
281,23.142142,38.19603,38.77167
282,23.221221,38.19374,38.76858
283,23.300300,38.19145,38.76548
284,23.379379,38.18915,38.76239
285,23.458458,38.18686,38.75930
286,23.537538,38.18456,38.75621
287,23.616617,38.18226,38.75312
288,23.695696,38.17996,38.75003
289,23.774775,38.17766,38.74695
290,23.853854,38.17536,38.74386
291,23.932933,38.17306,38.74078
292,24.012012,38.17075,38.73770
293,24.091091,38.16844,38.73462
294,24.170170,38.16614,38.73154
295,24.249249,38.16383,38.72846
296,24.328328,38.16151,38.72539
297,24.407407,38.15920,38.72231
298,24.486486,38.15689,38.71924
299,24.565566,38.15457,38.71617
300,24.644645,38.15225,38.71310
301,24.723724,38.14993,38.71003
302,24.802803,38.14761,38.70697
303,24.881882,38.14529,38.70390
304,24.960961,38.14297,38.70084
305,25.040040,38.14064,38.69778
306,25.119119,38.13831,38.69472
307,25.198198,38.13599,38.69166
308,25.277277,38.13366,38.68861
309,25.356356,38.13132,38.68555
310,25.435435,38.12899,38.68250
311,25.514515,38.12666,38.67944
312,25.593594,38.12432,38.67639
313,25.672673,38.12198,38.67335
314,25.751752,38.11964,38.67030
315,25.830831,38.11730,38.66725
316,25.909910,38.11496,38.66421
317,25.988989,38.11261,38.66117
318,26.068068,38.11027,38.65813
319,26.147147,38.10792,38.65509
320,26.226226,38.10557,38.65205
321,26.305305,38.10322,38.64902
322,26.384384,38.10086,38.64598
323,26.463463,38.09851,38.64295
324,26.542543,38.09615,38.63992
325,26.621622,38.09379,38.63689
326,26.700701,38.09143,38.63386
327,26.779780,38.08907,38.63084
328,26.858859,38.08671,38.62782
329,26.937938,38.08435,38.62479
330,27.017017,38.08198,38.62177
331,27.096096,38.07961,38.61876
332,27.175175,38.07724,38.61574
333,27.254254,38.07487,38.61272
334,27.333333,38.07249,38.60971
335,27.412412,38.07012,38.60670
336,27.491491,38.06774,38.60369
337,27.570571,38.06536,38.60068
338,27.649650,38.06298,38.59768
339,27.728729,38.06060,38.59467
340,27.807808,38.05822,38.59167
341,27.886887,38.05583,38.58867
342,27.965966,38.05344,38.58567
343,28.045045,38.05105,38.58267
344,28.124124,38.04866,38.57968
345,28.203203,38.04627,38.57668
346,28.282282,38.04387,38.57369
347,28.361361,38.04148,38.57070
348,28.440440,38.03908,38.56771
349,28.519520,38.03668,38.56473
350,28.598599,38.03427,38.56174
351,28.677678,38.03187,38.55876
352,28.756757,38.02946,38.55578
353,28.835836,38.02706,38.55280
354,28.914915,38.02465,38.54982
355,28.993994,38.02223,38.54685
356,29.073073,38.01982,38.54388
357,29.152152,38.01741,38.54091
358,29.231231,38.01499,38.53794
359,29.310310,38.01257,38.53497
360,29.389389,38.01015,38.53200
361,29.468468,38.00772,38.52904
362,29.547548,38.00530,38.52608
363,29.626627,38.00287,38.52312
364,29.705706,38.00044,38.52016
365,29.784785,37.99801,38.51720
366,29.863864,37.99558,38.51425
367,29.942943,37.99314,38.51130
368,30.022022,37.99071,38.50835
369,30.101101,37.98827,38.50540
370,30.180180,37.98583,38.50245
371,30.259259,37.98339,38.49951
372,30.338338,37.98094,38.49657
373,30.417417,37.97849,38.49363
374,30.496496,37.97605,38.49069
375,30.575576,37.97360,38.48775
376,30.654655,37.97114,38.48482
377,30.733734,37.96869,38.48189
378,30.812813,37.96623,38.47896
379,30.891892,37.96377,38.47603
380,30.970971,37.96131,38.47310
381,31.050050,37.95885,38.47018
382,31.129129,37.95639,38.46726
383,31.208208,37.95392,38.46434
384,31.287287,37.95145,38.46142
385,31.366366,37.94898,38.45850
386,31.445445,37.94651,38.45559
387,31.524525,37.94403,38.45268
388,31.603604,37.94155,38.44977
389,31.682683,37.93907,38.44686
390,31.761762,37.93659,38.44396
391,31.840841,37.93411,38.44105
392,31.919920,37.93163,38.43815
393,31.998999,37.92914,38.43525
394,32.078078,37.92665,38.43235
395,32.157157,37.92416,38.42946
396,32.236236,37.92166,38.42657
397,32.315315,37.91917,38.42368
398,32.394394,37.91667,38.42079
399,32.473473,37.91417,38.41790
400,32.552553,37.91167,38.41502
401,32.631632,37.90916,38.41213
402,32.710711,37.90666,38.40925
403,32.789790,37.90415,38.40637
404,32.868869,37.90164,38.40350
405,32.947948,37.89912,38.40063
406,33.027027,37.89661,38.39775
407,33.106106,37.89409,38.39488
408,33.185185,37.89157,38.39202
409,33.264264,37.88905,38.38915
410,33.343343,37.88653,38.38629
411,33.422422,37.88400,38.38343
412,33.501502,37.88147,38.38057
413,33.580581,37.87894,38.37771
414,33.659660,37.87641,38.37486
415,33.738739,37.87387,38.37201
416,33.817818,37.87134,38.36916
417,33.896897,37.86880,38.36631
418,33.975976,37.86626,38.36346
419,34.055055,37.86371,38.36062
420,34.134134,37.86117,38.35778
421,34.213213,37.85862,38.35494
422,34.292292,37.85607,38.35211
423,34.371371,37.85352,38.34927
424,34.450450,37.85096,38.34644
425,34.529530,37.84840,38.34361
426,34.608609,37.84584,38.34078
427,34.687688,37.84328,38.33796
428,34.766767,37.84072,38.33513
429,34.845846,37.83815,38.33231
430,34.924925,37.83559,38.32949
431,35.004004,37.83302,38.32668
432,35.083083,37.83044,38.32386
433,35.162162,37.82787,38.32105
434,35.241241,37.82529,38.31824
435,35.320320,37.82271,38.31544
436,35.399399,37.82013,38.31263
437,35.478478,37.81754,38.30983
438,35.557558,37.81496,38.30703
439,35.636637,37.81237,38.30423
440,35.715716,37.80978,38.30143
441,35.794795,37.80719,38.29864
442,35.873874,37.80459,38.29585
443,35.952953,37.80199,38.29306
444,36.032032,37.79939,38.29027
445,36.111111,37.79679,38.28749
446,36.190190,37.79418,38.28471
447,36.269269,37.79158,38.28193
448,36.348348,37.78897,38.27915
449,36.427427,37.78636,38.27638
450,36.506507,37.78374,38.27360
451,36.585586,37.78113,38.27083
452,36.664665,37.77851,38.26806
453,36.743744,37.77589,38.26530
454,36.822823,37.77326,38.26253
455,36.901902,37.77064,38.25977
456,36.980981,37.76801,38.25701
457,37.060060,37.76538,38.25426
458,37.139139,37.76275,38.25150
459,37.218218,37.76011,38.24875
460,37.297297,37.75748,38.24600
461,37.376376,37.75484,38.24326
462,37.455455,37.75219,38.24051
463,37.534535,37.74955,38.23777
464,37.613614,37.74690,38.23503
465,37.692693,37.74425,38.23229
466,37.771772,37.74160,38.22955
467,37.850851,37.73895,38.22682
468,37.929930,37.73629,38.22409
469,38.009009,37.73364,38.22136
470,38.088088,37.73097,38.21864
471,38.167167,37.72831,38.21591
472,38.246246,37.72565,38.21319
473,38.325325,37.72298,38.21047
474,38.404404,37.72031,38.20776
475,38.483483,37.71764,38.20504
476,38.562563,37.71496,38.20233
477,38.641642,37.71228,38.19962
478,38.720721,37.70961,38.19691
479,38.799800,37.70692,38.19421
480,38.878879,37.70424,38.19150
481,38.957958,37.70155,38.18880
482,39.037037,37.69886,38.18611
483,39.116116,37.69617,38.18341
484,39.195195,37.69348,38.18072
485,39.274274,37.69078,38.17803
486,39.353353,37.68809,38.17534
487,39.432432,37.68538,38.17265
488,39.511512,37.68268,38.16997
489,39.590591,37.67998,38.16729
490,39.669670,37.67727,38.16461
491,39.748749,37.67456,38.16193
492,39.827828,37.67185,38.15926
493,39.906907,37.66913,38.15658
494,39.985986,37.66641,38.15391
495,40.065065,37.66370,38.15125
496,40.144144,37.66097,38.14858
497,40.223223,37.65825,38.14592
498,40.302302,37.65552,38.14326
499,40.381381,37.65279,38.14060
500,40.460460,37.65006,38.13795
501,40.539540,37.64733,38.13529
502,40.618619,37.64459,38.13264
503,40.697698,37.64186,38.12999
504,40.776777,37.63912,38.12735
505,40.855856,37.63637,38.12470
506,40.934935,37.63363,38.12206
507,41.014014,37.63088,38.11942
508,41.093093,37.62813,38.11679
509,41.172172,37.62538,38.11415
510,41.251251,37.62262,38.11152
511,41.330330,37.61987,38.10889
512,41.409409,37.61711,38.10626
513,41.488488,37.61435,38.10364
514,41.567568,37.61158,38.10101
515,41.646647,37.60882,38.09839
516,41.725726,37.60605,38.09577
517,41.804805,37.60328,38.09316
518,41.883884,37.60050,38.09054
519,41.962963,37.59773,38.08793
520,42.042042,37.59495,38.08532
521,42.121121,37.59217,38.08272
522,42.200200,37.58939,38.08011
523,42.279279,37.58660,38.07751
524,42.358358,37.58382,38.07491
525,42.437437,37.58103,38.07231
526,42.516517,37.57824,38.06972
527,42.595596,37.57544,38.06713
528,42.674675,37.57265,38.06454
529,42.753754,37.56985,38.06195
530,42.832833,37.56705,38.05936
531,42.911912,37.56424,38.05678
532,42.990991,37.56144,38.05420
533,43.070070,37.55863,38.05162
534,43.149149,37.55582,38.04904
535,43.228228,37.55301,38.04646
536,43.307307,37.55019,38.04389
537,43.386386,37.54738,38.04132
538,43.465465,37.54456,38.03875
539,43.544545,37.54174,38.03619
540,43.623624,37.53891,38.03363
541,43.702703,37.53609,38.03106
542,43.781782,37.53326,38.02851
543,43.860861,37.53043,38.02595
544,43.939940,37.52760,38.02339
545,44.019019,37.52476,38.02084
546,44.098098,37.52193,38.01829
547,44.177177,37.51909,38.01574
548,44.256256,37.51625,38.01320
549,44.335335,37.51340,38.01066
550,44.414414,37.51056,38.00811
551,44.493493,37.50771,38.00558
552,44.572573,37.50486,38.00304
553,44.651652,37.50201,38.00050
554,44.730731,37.49915,37.99797
555,44.809810,37.49630,37.99544
556,44.888889,37.49344,37.99291
557,44.967968,37.49058,37.99039
558,45.047047,37.48771,37.98787
559,45.126126,37.48485,37.98534
560,45.205205,37.48198,37.98282
561,45.284284,37.47911,37.98031
562,45.363363,37.47624,37.97779
563,45.442442,37.47337,37.97528
564,45.521522,37.47049,37.97277
565,45.600601,37.46761,37.97026
566,45.679680,37.46473,37.96776
567,45.758759,37.46185,37.96525
568,45.837838,37.45896,37.96275
569,45.916917,37.45608,37.96025
570,45.995996,37.45319,37.95775
571,46.075075,37.45030,37.95526
572,46.154154,37.44740,37.95276
573,46.233233,37.44451,37.95027
574,46.312312,37.44161,37.94778
575,46.391391,37.43871,37.94529
576,46.470470,37.43581,37.94281
577,46.549550,37.43290,37.94033
578,46.628629,37.43000,37.93785
579,46.707708,37.42709,37.93537
580,46.786787,37.42418,37.93289
581,46.865866,37.42127,37.93042
582,46.944945,37.41835,37.92794
583,47.024024,37.41544,37.92547
584,47.103103,37.41252,37.92300
585,47.182182,37.40960,37.92054
586,47.261261,37.40668,37.91807
587,47.340340,37.40375,37.91561
588,47.419419,37.40083,37.91315
589,47.498498,37.39790,37.91069
590,47.577578,37.39497,37.90824
591,47.656657,37.39204,37.90578
592,47.735736,37.38910,37.90333
593,47.814815,37.38617,37.90088
594,47.893894,37.38323,37.89843
595,47.972973,37.38029,37.89598
596,48.052052,37.37734,37.89354
597,48.131131,37.37440,37.89110
598,48.210210,37.37145,37.88866
599,48.289289,37.36850,37.88622
600,48.368368,37.36555,37.88378
601,48.447447,37.36260,37.88135
602,48.526527,37.35965,37.87892
603,48.605606,37.35669,37.87648
604,48.684685,37.35373,37.87406
605,48.763764,37.35077,37.87163
606,48.842843,37.34781,37.86920
607,48.921922,37.34485,37.86678
608,49.001001,37.34188,37.86436
609,49.080080,37.33891,37.86194
610,49.159159,37.33594,37.85952
611,49.238238,37.33297,37.85711
612,49.317317,37.33000,37.85470
613,49.396396,37.32702,37.85228
614,49.475475,37.32405,37.84987
615,49.554555,37.32107,37.84747
616,49.633634,37.31809,37.84506
617,49.712713,37.31511,37.84266
618,49.791792,37.31212,37.84026
619,49.870871,37.30913,37.83785
620,49.949950,37.30615,37.83546
621,50.029029,37.30316,37.83306
622,50.108108,37.30016,37.83066
623,50.187187,37.29717,37.82827
624,50.266266,37.29417,37.82588
625,50.345345,37.29118,37.82349
626,50.424424,37.28818,37.82110
627,50.503504,37.28518,37.81872
628,50.582583,37.28217,37.81633
629,50.661662,37.27917,37.81395
630,50.740741,37.27616,37.81157
631,50.819820,37.27316,37.80919
632,50.898899,37.27015,37.80682
633,50.977978,37.26713,37.80444
634,51.057057,37.26412,37.80207
635,51.136136,37.26111,37.79970
636,51.215215,37.25809,37.79733
637,51.294294,37.25507,37.79496
638,51.373373,37.25205,37.79259
639,51.452452,37.24903,37.79023
640,51.531532,37.24600,37.78786
641,51.610611,37.24298,37.78550
642,51.689690,37.23995,37.78314
643,51.768769,37.23692,37.78079
644,51.847848,37.23389,37.77843
645,51.926927,37.23086,37.77608
646,52.006006,37.22782,37.77372
647,52.085085,37.22479,37.77137
648,52.164164,37.22175,37.76902
649,52.243243,37.21871,37.76667
650,52.322322,37.21567,37.76433
651,52.401401,37.21263,37.76198
652,52.480480,37.20959,37.75964
653,52.559560,37.20654,37.75730
654,52.638639,37.20349,37.75496
655,52.717718,37.20044,37.75262
656,52.796797,37.19739,37.75029
657,52.875876,37.19434,37.74795
658,52.954955,37.19129,37.74562
659,53.034034,37.18823,37.74329
660,53.113113,37.18518,37.74096
661,53.192192,37.18212,37.73863
662,53.271271,37.17906,37.73630
663,53.350350,37.17600,37.73398
664,53.429429,37.17293,37.73165
665,53.508509,37.16987,37.72933
666,53.587588,37.16680,37.72701
667,53.666667,37.16373,37.72469
668,53.745746,37.16067,37.72237
669,53.824825,37.15759,37.72006
670,53.903904,37.15452,37.71774
671,53.982983,37.15145,37.71543
672,54.062062,37.14837,37.71312
673,54.141141,37.14530,37.71081
674,54.220220,37.14222,37.70850
675,54.299299,37.13914,37.70619
676,54.378378,37.13606,37.70389
677,54.457457,37.13297,37.70159
678,54.536537,37.12989,37.69928
679,54.615616,37.12680,37.69698
680,54.694695,37.12372,37.69468
681,54.773774,37.12063,37.69239
682,54.852853,37.11754,37.69009
683,54.931932,37.11444,37.68779
684,55.011011,37.11135,37.68550
685,55.090090,37.10826,37.68321
686,55.169169,37.10516,37.68092
687,55.248248,37.10206,37.67863
688,55.327327,37.09896,37.67634
689,55.406406,37.09586,37.67405
690,55.485485,37.09276,37.67177
691,55.564565,37.08966,37.66949
692,55.643644,37.08655,37.66720
693,55.722723,37.08345,37.66492
694,55.801802,37.08034,37.66264
695,55.880881,37.07723,37.66036
696,55.959960,37.07412,37.65809
697,56.039039,37.07101,37.65581
698,56.118118,37.06790,37.65354
699,56.197197,37.06478,37.65127
700,56.276276,37.06167,37.64899
701,56.355355,37.05855,37.64673
702,56.434434,37.05543,37.64446
703,56.513514,37.05231,37.64219
704,56.592593,37.04919,37.63992
705,56.671672,37.04607,37.63766
706,56.750751,37.04295,37.63540
707,56.829830,37.03982,37.63313
708,56.908909,37.03670,37.63087
709,56.987988,37.03357,37.62861
710,57.067067,37.03044,37.62636
711,57.146146,37.02731,37.62410
712,57.225225,37.02418,37.62184
713,57.304304,37.02105,37.61959
714,57.383383,37.01791,37.61734
715,57.462462,37.01478,37.61508
716,57.541542,37.01164,37.61283
717,57.620621,37.00851,37.61058
718,57.699700,37.00537,37.60834
719,57.778779,37.00223,37.60609
720,57.857858,36.99909,37.60384
721,57.936937,36.99594,37.60160
722,58.016016,36.99280,37.59936
723,58.095095,36.98965,37.59712
724,58.174174,36.98651,37.59487
725,58.253253,36.98336,37.59264
726,58.332332,36.98021,37.59040
727,58.411411,36.97706,37.58816
728,58.490490,36.97391,37.58592
729,58.569570,36.97076,37.58369
730,58.648649,36.96761,37.58146
731,58.727728,36.96445,37.57922
732,58.806807,36.96130,37.57699
733,58.885886,36.95814,37.57476
734,58.964965,36.95498,37.57253
735,59.044044,36.95182,37.57031
736,59.123123,36.94866,37.56808
737,59.202202,36.94550,37.56585
738,59.281281,36.94234,37.56363
739,59.360360,36.93917,37.56141
740,59.439439,36.93601,37.55919
741,59.518519,36.93284,37.55697
742,59.597598,36.92968,37.55475
743,59.676677,36.92651,37.55253
744,59.755756,36.92334,37.55031
745,59.834835,36.92017,37.54809
746,59.913914,36.91700,37.54588
747,59.992993,36.91382,37.54366
748,60.072072,36.91065,37.54145
749,60.151151,36.90748,37.53924
750,60.230230,36.90430,37.53703
751,60.309309,36.90112,37.53482
752,60.388388,36.89794,37.53261
753,60.467467,36.89477,37.53040
754,60.546547,36.89159,37.52820
755,60.625626,36.88840,37.52599
756,60.704705,36.88522,37.52379
757,60.783784,36.88204,37.52158
758,60.862863,36.87885,37.51938
759,60.941942,36.87567,37.51718
760,61.021021,36.87248,37.51498
761,61.100100,36.86930,37.51278
762,61.179179,36.86611,37.51058
763,61.258258,36.86292,37.50838
764,61.337337,36.85973,37.50619
765,61.416416,36.85654,37.50399
766,61.495495,36.85334,37.50180
767,61.574575,36.85015,37.49960
768,61.653654,36.84696,37.49741
769,61.732733,36.84376,37.49522
770,61.811812,36.84056,37.49303
771,61.890891,36.83737,37.49084
772,61.969970,36.83417,37.48865
773,62.049049,36.83097,37.48647
774,62.128128,36.82777,37.48428
775,62.207207,36.82457,37.48209
776,62.286286,36.82136,37.47991
777,62.365365,36.81816,37.47773
778,62.444444,36.81496,37.47554
779,62.523524,36.81175,37.47336
780,62.602603,36.80855,37.47118
781,62.681682,36.80534,37.46900
782,62.760761,36.80213,37.46682
783,62.839840,36.79892,37.46464
784,62.918919,36.79571,37.46247
785,62.997998,36.79250,37.46029
786,63.077077,36.78929,37.45812
787,63.156156,36.78608,37.45594
788,63.235235,36.78286,37.45377
789,63.314314,36.77965,37.45160
790,63.393393,36.77643,37.44942
791,63.472472,36.77322,37.44725
792,63.551552,36.77000,37.44508
793,63.630631,36.76678,37.44291
794,63.709710,36.76357,37.44075
795,63.788789,36.76035,37.43858
796,63.867868,36.75713,37.43641
797,63.946947,36.75390,37.43425
798,64.026026,36.75068,37.43208
799,64.105105,36.74746,37.42992
800,64.184184,36.74423,37.42776
801,64.263263,36.74101,37.42560
802,64.342342,36.73778,37.42343
803,64.421421,36.73456,37.42127
804,64.500501,36.73133,37.41911
805,64.579580,36.72810,37.41696
806,64.658659,36.72487,37.41480
807,64.737738,36.72164,37.41264
808,64.816817,36.71841,37.41049
809,64.895896,36.71518,37.40833
810,64.974975,36.71195,37.40618
811,65.054054,36.70872,37.40402
812,65.133133,36.70548,37.40187
813,65.212212,36.70225,37.39972
814,65.291291,36.69901,37.39757
815,65.370370,36.69578,37.39542
816,65.449449,36.69254,37.39327
817,65.528529,36.68930,37.39112
818,65.607608,36.68606,37.38897
819,65.686687,36.68282,37.38682
820,65.765766,36.67958,37.38468
821,65.844845,36.67634,37.38253
822,65.923924,36.67310,37.38038
823,66.003003,36.66986,37.37824
824,66.082082,36.66661,37.37610
825,66.161161,36.66337,37.37395
826,66.240240,36.66012,37.37181
827,66.319319,36.65688,37.36967
828,66.398398,36.65363,37.36753
829,66.477477,36.65038,37.36539
830,66.556557,36.64714,37.36325
831,66.635636,36.64389,37.36111
832,66.714715,36.64064,37.35898
833,66.793794,36.63739,37.35684
834,66.872873,36.63414,37.35470
835,66.951952,36.63089,37.35257
836,67.031031,36.62763,37.35044
837,67.110110,36.62438,37.34830
838,67.189189,36.62113,37.34617
839,67.268268,36.61787,37.34404
840,67.347347,36.61462,37.34190
841,67.426426,36.61136,37.33977
842,67.505506,36.60811,37.33764
843,67.584585,36.60485,37.33551
844,67.663664,36.60159,37.33339
845,67.742743,36.59833,37.33126
846,67.821822,36.59507,37.32913
847,67.900901,36.59181,37.32700
848,67.979980,36.58855,37.32488
849,68.059059,36.58529,37.32275
850,68.138138,36.58203,37.32063
851,68.217217,36.57877,37.31850
852,68.296296,36.57550,37.31638
853,68.375375,36.57224,37.31426
854,68.454454,36.56897,37.31214
855,68.533534,36.56571,37.31001
856,68.612613,36.56244,37.30789
857,68.691692,36.55918,37.30577
858,68.770771,36.55591,37.30365
859,68.849850,36.55264,37.30153
860,68.928929,36.54937,37.29942
861,69.008008,36.54610,37.29730
862,69.087087,36.54283,37.29518
863,69.166166,36.53956,37.29307
864,69.245245,36.53629,37.29095
865,69.324324,36.53302,37.28884
866,69.403403,36.52975,37.28672
867,69.482482,36.52647,37.28461
868,69.561562,36.52320,37.28250
869,69.640641,36.51992,37.28038
870,69.719720,36.51665,37.27827
871,69.798799,36.51337,37.27616
872,69.877878,36.51010,37.27405
873,69.956957,36.50682,37.27194
874,70.036036,36.50354,37.26983
875,70.115115,36.50027,37.26772
876,70.194194,36.49699,37.26561
877,70.273273,36.49371,37.26351
878,70.352352,36.49043,37.26140
879,70.431431,36.48715,37.25929
880,70.510511,36.48387,37.25719
881,70.589590,36.48058,37.25508
882,70.668669,36.47730,37.25298
883,70.747748,36.47402,37.25087
884,70.826827,36.47074,37.24877
885,70.905906,36.46745,37.24667
886,70.984985,36.46417,37.24457
887,71.064064,36.46088,37.24246
888,71.143143,36.45760,37.24036
889,71.222222,36.45431,37.23826
890,71.301301,36.45102,37.23616
891,71.380380,36.44774,37.23406
892,71.459459,36.44445,37.23196
893,71.538539,36.44116,37.22987
894,71.617618,36.43787,37.22777
895,71.696697,36.43458,37.22567
896,71.775776,36.43129,37.22357
897,71.854855,36.42800,37.22148
898,71.933934,36.42471,37.21938
899,72.013013,36.42142,37.21729
900,72.092092,36.41813,37.21519
901,72.171171,36.41483,37.21310
902,72.250250,36.41154,37.21101
903,72.329329,36.40825,37.20891
904,72.408408,36.40495,37.20682
905,72.487487,36.40166,37.20473
906,72.566567,36.39836,37.20264
907,72.645646,36.39506,37.20055
908,72.724725,36.39177,37.19846
909,72.803804,36.38847,37.19637
910,72.882883,36.38517,37.19428
911,72.961962,36.38188,37.19219
912,73.041041,36.37858,37.19010
913,73.120120,36.37528,37.18801
914,73.199199,36.37198,37.18593
915,73.278278,36.36868,37.18384
916,73.357357,36.36538,37.18175
917,73.436436,36.36208,37.17967
918,73.515516,36.35877,37.17758
919,73.594595,36.35547,37.17550
920,73.673674,36.35217,37.17341
921,73.752753,36.34887,37.17133
922,73.831832,36.34556,37.16925
923,73.910911,36.34226,37.16717
924,73.989990,36.33895,37.16508
925,74.069069,36.33565,37.16300
926,74.148148,36.33234,37.16092
927,74.227227,36.32904,37.15884
928,74.306306,36.32573,37.15676
929,74.385385,36.32242,37.15468
930,74.464464,36.31912,37.15260
931,74.543544,36.31581,37.15052
932,74.622623,36.31250,37.14844
933,74.701702,36.30919,37.14637
934,74.780781,36.30588,37.14429
935,74.859860,36.30257,37.14221
936,74.938939,36.29926,37.14013
937,75.018018,36.29595,37.13806
938,75.097097,36.29264,37.13598
939,75.176176,36.28933,37.13391
940,75.255255,36.28602,37.13183
941,75.334334,36.28271,37.12976
942,75.413413,36.27939,37.12768
943,75.492492,36.27608,37.12561
944,75.571572,36.27276,37.12354
945,75.650651,36.26945,37.12147
946,75.729730,36.26614,37.11939
947,75.808809,36.26282,37.11732
948,75.887888,36.25951,37.11525
949,75.966967,36.25619,37.11318
950,76.046046,36.25287,37.11111
951,76.125125,36.24956,37.10904
952,76.204204,36.24624,37.10697
953,76.283283,36.24292,37.10490
954,76.362362,36.23960,37.10283
955,76.441441,36.23628,37.10077
956,76.520521,36.23297,37.09870
957,76.599600,36.22965,37.09663
958,76.678679,36.22633,37.09456
959,76.757758,36.22301,37.09250
960,76.836837,36.21969,37.09043
961,76.915916,36.21636,37.08837
962,76.994995,36.21304,37.08630
963,77.074074,36.20972,37.08424
964,77.153153,36.20640,37.08217
965,77.232232,36.20308,37.08011
966,77.311311,36.19975,37.07804
967,77.390390,36.19643,37.07598
968,77.469469,36.19311,37.07392
969,77.548549,36.18978,37.07185
970,77.627628,36.18646,37.06979
971,77.706707,36.18313,37.06773
972,77.785786,36.17981,37.06567
973,77.864865,36.17648,37.06361
974,77.943944,36.17315,37.06155
975,78.023023,36.16983,37.05949
976,78.102102,36.16650,37.05743
977,78.181181,36.16317,37.05537
978,78.260260,36.15984,37.05331
979,78.339339,36.15652,37.05125
980,78.418418,36.15319,37.04919
981,78.497497,36.14986,37.04714
982,78.576577,36.14653,37.04508
983,78.655656,36.14320,37.04302
984,78.734735,36.13987,37.04096
985,78.813814,36.13654,37.03891
986,78.892893,36.13321,37.03685
987,78.971972,36.12988,37.03480
988,79.051051,36.12655,37.03274
989,79.130130,36.12321,37.03069
990,79.209209,36.11988,37.02863
991,79.288288,36.11655,37.02658
992,79.367367,36.11322,37.02453
993,79.446446,36.10988,37.02247
994,79.525526,36.10655,37.02042
995,79.604605,36.10321,37.01837
996,79.683684,36.09988,37.01631
997,79.762763,36.09654,37.01426
998,79.841842,36.09321,37.01221
999,79.920921,36.08987,37.01016
1000,80.000000,36.08654,37.00811