ID,dateTimeMeasured,SampleName,d17O,d17OError,d18O,d18OError,Dp17O,Dp17OError,nSamCycles,nSamPoints,nRefPoints,pCO2Ref,pCO2Ref_error,pCO2Sam,pCO2Sam_error,pCO2Mismatch,pCO2Mismatch_error,PCellRef,PCellRef_error,PCellSam,PCellSam_error,PCellMismatch,PCellMismatch_error,TCellSam,TCellSam_error,TCellRef,TCellRef_error,TCellMismatch,TCellMismatch_error,TIntSam,TIntSam_error,TIntRef,TIntRef_error,TIntMismatch,TIntMismatch_error,measurementPeriod
15493,2023-06-19 15:09:42,lightVsRef,-0.601,0.005,-0.751,0.019,-204.4,7.7,7.0,1741.0,2070.0,418.165,0.34849,418.322,0.56106,0.16029,0.2994,41.7848,0.0013,41.7865,0.00095,0.0016,0.00096,24.6117,0.00248,24.6117,0.00248,-5e-05,0.00049,32.9946,0.04061,32.984,0.03227,0.0118,0.03452,2023-06-16 to 2023-07-13
15495,2023-06-19 20:47:47,lightVsRef,-0.588,0.016,-0.708,0.026,-214.0,14.3,10.0,2674.0,2894.0,417.096,0.40153,417.119,0.56372,0.01993,0.17145,41.8148,0.00127,41.8158,0.00085,0.00095,0.00112,24.548,0.00439,24.548,0.00439,6e-05,0.00034,32.5998,0.03176,32.6037,0.02886,-0.00326,0.01029,2023-06-16 to 2023-07-13
15507,2023-06-21 08:57:30,lightVsRef,-0.594,0.005,-0.741,0.019,-203.3,10.5,10.0,2909.0,3143.0,415.769,0.44186,415.891,0.65321,0.11837,0.2368,41.9566,0.00094,41.9567,0.00207,3e-05,0.00205,24.5357,0.0028,24.5357,0.0028,8e-05,0.00023,32.5614,0.02741,32.5627,0.02435,0.00026,0.01383,2023-06-16 to 2023-07-13
15509,2023-06-21 14:49:51,lightVsRef,-0.603,0.006,-0.724,0.016,-220.7,6.2,10.0,2658.0,3156.0,415.99,0.42313,416.32,0.58731,0.33217,0.18812,41.9146,0.00146,41.9139,0.00111,-0.00064,0.00137,24.5515,0.00352,24.5515,0.00352,0.00022,0.00035,32.6291,0.02095,32.634,0.02714,-0.00551,0.01539,2023-06-16 to 2023-07-13
15511,2023-06-21 20:40:54,lightVsRef,-0.6,0.006,-0.748,0.015,-205.2,10.7,10.0,2638.0,3098.0,415.621,0.49089,416.082,0.60145,0.47054,0.24908,41.9297,0.00085,41.9297,0.00152,3e-05,0.00164,24.5591,0.00265,24.5591,0.00265,4e-05,0.00035,32.6429,0.02074,32.6515,0.02139,-0.00853,0.01279,2023-06-16 to 2023-07-13
15525,2023-06-23 12:54:59,lightVsRef,-0.612,0.008,-0.725,0.008,-229.1,8.4,10.0,2914.0,3148.0,414.758,0.45058,414.613,0.6482,-0.14488,0.14538,42.0376,0.00169,42.0386,0.00196,0.00093,0.00203,24.5477,0.00261,24.5477,0.00261,-0.00017,0.00033,32.5816,0.02255,32.5883,0.02316,-0.00668,0.01422,2023-06-16 to 2023-07-13
15531,2023-06-23 19:34:07,lightVsRef,-0.603,0.006,-0.717,0.012,-224.6,3.7,10.0,2918.0,3123.0,414.321,0.43972,414.169,0.63632,-0.15951,0.20994,42.1347,0.00135,42.1351,0.00206,0.00043,0.002,24.5462,0.00263,24.5462,0.00263,-5e-05,0.00038,32.5682,0.02291,32.5715,0.02019,-0.0037,0.00933,2023-06-16 to 2023-07-13
15535,2023-06-24 01:34:31,lightVsRef,-0.602,0.007,-0.714,0.008,-225.3,6.1,10.0,2900.0,3102.0,414.196,0.47755,414.116,0.71409,-0.09526,0.42652,42.1836,0.00118,42.1822,0.00102,-0.00137,0.00105,24.5467,0.00266,24.5467,0.00266,-0.00019,0.00044,32.5869,0.02051,32.5863,0.01769,0.00144,0.01132,2023-06-16 to 2023-07-13
15540,2023-06-24 07:34:53,lightVsRef,-0.592,0.011,-0.727,0.014,-208.3,9.1,10.0,2873.0,3168.0,413.899,0.65632,413.934,0.7937,0.04456,0.60211,42.2552,0.00144,42.2527,0.00166,-0.00249,0.00161,24.5507,0.00282,24.5507,0.00282,6e-05,0.00035,32.6023,0.02412,32.6052,0.02272,-0.00294,0.01477,2023-06-16 to 2023-07-13
15546,2023-06-24 19:34:35,lightVsRef,-0.599,0.008,-0.713,0.014,-222.6,6.1,10.0,2915.0,3156.0,414.3,0.48436,414.313,0.65687,0.01804,0.17961,42.1304,0.00192,42.1292,0.002,-0.00143,0.00173,24.5545,0.0028,24.5545,0.0028,9e-05,0.0003,32.5968,0.02669,32.5966,0.02928,-0.00009,0.01133,2023-06-16 to 2023-07-13
15548,2023-06-25 01:35:38,lightVsRef,-0.612,0.01,-0.752,0.02,-214.9,6.4,10.0,2870.0,3116.0,414.014,0.40024,413.869,0.61673,-0.15693,0.19153,42.2295,0.00132,42.2281,0.0018,-0.00139,0.00198,24.5498,0.00261,24.5498,0.00261,9e-05,0.00031,32.5884,0.02369,32.5891,0.01761,-0.00072,0.01445,2023-06-16 to 2023-07-13
15559,2023-06-26 17:09:49,lightVsRef,-0.602,0.006,-0.751,0.015,-205.3,8.1,10.0,2654.0,3119.0,415.919,0.44874,416.289,0.58013,0.3516,0.16187,41.9179,0.00088,41.9175,0.00133,-0.00039,0.00113,24.5497,0.00267,24.5497,0.00267,-7e-05,0.00027,32.5641,0.02028,32.566,0.02377,-0.00229,0.00907,2023-06-16 to 2023-07-13
15561,2023-06-26 23:00:35,lightVsRef,-0.601,0.007,-0.718,0.011,-222.2,3.3,10.0,2736.0,3101.0,415.91,0.41702,415.848,0.60999,-0.05231,0.16335,41.9395,0.00121,41.9385,0.00166,-0.00107,0.00134,24.5481,0.00339,24.5481,0.00339,-5e-05,0.00032,32.5757,0.02462,32.573,0.02796,0.00394,0.01164,2023-06-16 to 2023-07-13
15604,2023-06-30 13:53:34,lightVsRef,-0.595,0.009,-0.71,0.019,-220.0,9.7,10.0,2871.0,3124.0,416.204,0.45015,416.231,0.63217,0.01276,0.18461,41.9771,0.0015,41.978,0.00233,0.00096,0.00199,24.5571,0.00273,24.5571,0.00273,-0.00016,0.00044,32.5917,0.02685,32.5924,0.02457,-0.00067,0.01096,2023-06-16 to 2023-07-13
15606,2023-06-30 19:48:53,lightVsRef,-0.597,0.004,-0.711,0.014,-222.2,9.4,9.0,2543.0,2836.0,416.297,0.61955,416.15,0.65191,-0.09257,0.47169,41.9679,0.01025,41.965,0.00112,-0.00147,0.00568,24.5582,0.00264,24.5582,0.00264,-0.00017,0.00025,32.589,0.02146,32.5938,0.02151,-0.0047,0.00984,2023-06-16 to 2023-07-13
15608,2023-07-01 01:44:53,lightVsRef,-0.61,0.004,-0.734,0.007,-222.0,2.4,10.0,2827.0,3121.0,415.943,0.41986,415.891,0.64928,-0.05106,0.29083,42.0106,0.00134,42.0095,0.00192,-0.00112,0.0017,24.5559,0.00264,24.5559,0.00264,-8e-05,0.00034,32.5797,0.0255,32.582,0.01999,-0.00238,0.0151,2023-06-16 to 2023-07-13
15629,2023-07-03 16:39:52,lightVsRef,-0.619,0.011,-0.743,0.012,-226.2,12.7,10.0,2907.0,3157.0,416.166,0.45513,416.0,0.65402,-0.17725,0.27702,41.9862,0.00119,41.9854,0.00128,-0.00074,0.00145,24.5612,0.00255,24.5612,0.00255,0.00021,0.00021,32.5908,0.0226,32.5907,0.02168,-0.00015,0.0133,2023-06-16 to 2023-07-13
15631,2023-07-03 22:41:59,lightVsRef,-0.59,0.011,-0.703,0.009,-219.0,6.6,10.0,2899.0,3109.0,416.025,0.42794,416.02,0.62849,0.00103,0.13214,42.0149,0.00147,42.0145,0.00207,-0.00039,0.00197,24.5623,0.00266,24.5623,0.00266,0.00035,0.00026,32.5902,0.02373,32.5925,0.02393,-0.00265,0.00876,2023-06-16 to 2023-07-13
15633,2023-07-04 04:41:38,lightVsRef,-0.596,0.008,-0.725,0.014,-213.4,6.6,8.0,2327.0,2589.0,416.075,0.42445,415.88,0.63333,-0.18605,0.10453,42.0295,0.00182,42.0291,0.00154,-0.0003,0.00252,24.5629,0.00255,24.5629,0.00255,4e-05,0.00023,32.5955,0.02452,32.5998,0.02486,-0.00272,0.01129,2023-06-16 to 2023-07-13
15650,2023-07-06 08:49:44,lightVsRef,-0.585,0.015,-0.73,0.021,-199.6,7.1,10.0,2910.0,3133.0,415.748,0.4533,415.654,0.68111,-0.10888,0.18286,41.9616,0.00162,41.9622,0.00167,0.00071,0.00193,24.5644,0.00273,24.5644,0.00273,4e-05,0.00026,32.6179,0.02306,32.6206,0.02112,-0.00161,0.00827,2023-06-16 to 2023-07-13
15654,2023-07-06 14:52:36,lightVsRef,-0.592,0.009,-0.745,0.021,-198.3,12.5,10.0,2904.0,3140.0,415.579,0.46498,415.449,0.6573,-0.13324,0.30704,41.9939,0.00122,41.9934,0.00112,-0.00052,0.00114,24.5625,0.00262,24.5625,0.00262,0.00022,0.0003,32.6156,0.02292,32.6221,0.01913,-0.00625,0.01082,2023-06-16 to 2023-07-13
15660,2023-07-06 20:52:58,lightVsRef,-0.621,0.014,-0.768,0.022,-215.8,8.3,10.0,2902.0,3139.0,415.078,0.48068,415.16,0.63276,0.07309,0.26513,42.0246,0.00125,42.024,0.00147,-0.00051,0.00185,24.5643,0.00277,24.5643,0.00277,0.00013,0.00036,32.6231,0.02556,32.6245,0.02158,-0.00221,0.01891,2023-06-16 to 2023-07-13
15682,2023-07-09 09:52:43,lightVsRef,-0.603,0.008,-0.733,0.018,-215.7,5.6,10.0,2896.0,3135.0,414.723,0.41886,415.06,0.66586,0.33461,0.27257,42.0296,0.00159,42.0307,0.00261,0.00111,0.00268,24.5633,0.00268,24.5633,0.00268,9e-05,0.00033,32.6177,0.02418,32.6286,0.01926,-0.0108,0.01346,2023-06-16 to 2023-07-13
15684,2023-07-09 15:53:10,lightVsRef,-0.613,0.022,-0.75,0.036,-217.7,9.8,10.0,2891.0,3108.0,415.368,0.43172,415.515,0.62919,0.14565,0.15371,42.0435,0.00124,42.0438,0.00199,0.00031,0.00234,24.5613,0.00268,24.5613,0.00268,0.0002,0.0004,32.6204,0.02201,32.6268,0.02172,-0.00653,0.01359,2023-06-16 to 2023-07-13
15688,2023-07-10 03:54:17,lightVsRef,-0.604,0.013,-0.755,0.026,-205.1,4.8,10.0,2882.0,3101.0,414.534,0.4363,414.365,0.62774,-0.17604,0.16515,42.1578,0.00168,42.1583,0.00175,0.00053,0.00174,24.5549,0.00261,24.5549,0.00261,2e-05,0.00024,32.6057,0.02283,32.6025,0.01993,0.00362,0.01336,2023-06-16 to 2023-07-13
15695,2023-07-10 20:28:07,lightVsRef,-0.614,0.008,-0.756,0.009,-215.2,11.0,10.0,2917.0,3128.0,413.736,0.44633,413.608,0.6219,-0.12541,0.18807,42.1983,0.00154,42.1972,0.00087,-0.00094,0.00094,24.5576,0.0027,24.5576,0.0027,-3e-05,0.00028,32.5978,0.02319,32.6012,0.02124,-0.0032,0.01091,2023-06-16 to 2023-07-13
15697,2023-07-11 02:29:15,lightVsRef,-0.599,0.014,-0.72,0.029,-218.9,6.0,10.0,2903.0,3116.0,413.765,0.45146,413.556,0.62426,-0.22293,0.13661,42.2558,0.00134,42.2551,0.00152,-0.00066,0.00166,24.5539,0.00261,24.5539,0.00261,0.0,0.00027,32.5795,0.02465,32.5876,0.02606,-0.0081,0.01049,2023-06-16 to 2023-07-13
15494,2023-06-19 17:55:48,heavyVsRef,39.677,0.006,76.793,0.012,-155.0,7.3,10.0,2626.0,2930.0,417.03,0.38705,416.812,0.55844,-0.23414,0.19599,41.8789,0.00139,41.8796,0.00126,0.00049,0.00094,24.5547,0.00325,24.5547,0.00325,-0.00012,0.00045,32.6234,0.06413,32.6202,0.08434,-0.00708,0.01197,2023-06-16 to 2023-07-13
15496,2023-06-19 23:39:30,heavyVsRef,39.663,0.01,76.792,0.015,-168.4,8.6,10.0,2618.0,3056.0,417.406,0.42624,416.556,0.56121,-0.86674,0.15856,41.8112,0.00132,41.8109,0.00124,-0.00035,0.00146,24.5345,0.00411,24.5345,0.00411,0.00026,0.00038,32.5434,0.02224,32.5476,0.02765,-0.00339,0.01458,2023-06-16 to 2023-07-13
15502,2023-06-20 18:09:44,heavyVsRef,39.644,0.011,76.748,0.009,-164.5,7.8,10.0,2670.0,2915.0,418.057,0.3897,417.432,0.58482,-0.62183,0.18022,41.8229,0.00117,41.824,0.00092,0.00121,0.00106,24.5434,0.00475,24.5434,0.00475,-0.00018,0.00036,32.6395,0.02279,32.6424,0.0239,-0.00359,0.01106,2023-06-16 to 2023-07-13
15508,2023-06-21 11:57:50,heavyVsRef,39.664,0.01,76.795,0.025,-168.6,8.2,10.0,2585.0,3092.0,416.004,0.68212,415.349,0.57054,-0.58188,0.38185,41.9279,0.00982,41.9244,0.0021,-0.00206,0.00487,24.542,0.00403,24.542,0.00403,0.0001,0.00015,32.5931,0.02665,32.593,0.0243,-0.0015,0.01239,2023-06-16 to 2023-07-13
15510,2023-06-21 17:46:08,heavyVsRef,39.676,0.006,76.801,0.011,-159.9,6.4,10.0,2654.0,3104.0,415.85,0.46645,415.75,0.5828,-0.10733,0.19798,41.923,0.00157,41.9226,0.001,-0.00037,0.0015,24.5564,0.00259,24.5564,0.00259,1e-05,0.00029,32.6452,0.01927,32.6437,0.0252,0.0018,0.01016,2023-06-16 to 2023-07-13
15512,2023-06-21 23:39:17,heavyVsRef,39.684,0.011,76.812,0.015,-157.5,8.4,10.0,2613.0,3092.0,415.704,0.43913,415.331,0.56546,-0.36907,0.16469,41.9211,0.00142,41.9219,0.00213,0.00078,0.00176,24.5546,0.003,24.5546,0.003,-5e-05,0.00038,32.6116,0.02592,32.6144,0.02766,-0.00199,0.01022,2023-06-16 to 2023-07-13
15524,2023-06-23 09:55:36,heavyVsRef,39.669,0.006,76.788,0.009,-160.7,6.0,10.0,2912.0,3098.0,415.157,0.57697,414.487,0.69212,-0.65334,0.32395,42.0631,0.00147,42.0613,0.00159,-0.00176,0.00215,24.5432,0.00289,24.5432,0.00289,1e-05,0.00025,32.5766,0.02097,32.5792,0.02648,-0.00098,0.01185,2023-06-16 to 2023-07-13
15528,2023-06-23 15:56:42,heavyVsRef,39.672,0.004,76.765,0.008,-146.3,2.1,10.0,2860.0,3138.0,414.403,0.42928,413.867,0.60996,-0.53651,0.19981,42.1627,0.0009,42.1597,0.00144,-0.00299,0.00152,24.5475,0.00274,24.5475,0.00274,-4e-05,0.00032,32.5908,0.02076,32.5884,0.02017,0.00298,0.01057,2023-06-16 to 2023-07-13
15534,2023-06-23 22:35:19,heavyVsRef,39.686,0.017,76.812,0.039,-156.0,4.9,10.0,2891.0,3099.0,414.012,0.41102,413.368,0.65591,-0.64372,0.29483,42.1891,0.00135,42.1893,0.00225,0.00026,0.00227,24.5446,0.00266,24.5446,0.00266,-4e-05,0.00034,32.5712,0.02336,32.5704,0.02216,0.00152,0.0132,2023-06-16 to 2023-07-13
15536,2023-06-24 04:34:23,heavyVsRef,39.65,0.009,76.749,0.013,-159.7,5.0,10.0,2913.0,3119.0,414.17,0.41924,413.56,0.63912,-0.60694,0.17344,42.1654,0.00218,42.1642,0.00163,-0.0013,0.00238,24.548,0.00266,24.548,0.00266,0.00012,0.00045,32.5799,0.02279,32.5842,0.02516,-0.00367,0.01019,2023-06-16 to 2023-07-13
18610,2023-06-24 10:36:11,heavyVsRef,39.668,0.013,76.784,0.015,-158.8,6.9,10.0,2882.0,3091.0,414.153,0.43387,413.646,0.63356,-0.51557,0.27143,42.2069,0.00129,42.2063,0.00178,-0.00068,0.00225,24.5518,0.00261,24.5518,0.00261,0.00012,0.0003,32.594,0.02208,32.6032,0.02463,-0.00922,0.01081,2023-06-16 to 2023-07-13
15545,2023-06-24 16:35:38,heavyVsRef,39.673,0.009,76.766,0.015,-145.4,5.7,10.0,2865.0,3113.0,414.398,0.40707,413.65,0.60604,-0.76257,0.17889,42.1968,0.00073,42.196,0.00155,-0.00081,0.00151,24.5534,0.00259,24.5534,0.00259,7e-05,0.00038,32.6046,0.0207,32.6001,0.02087,0.00471,0.00871,2023-06-16 to 2023-07-13
15547,2023-06-24 22:36:10,heavyVsRef,39.679,0.009,76.769,0.016,-141.2,4.3,10.0,2910.0,3086.0,413.775,0.39769,413.169,0.65113,-0.61426,0.23564,42.2018,0.0018,42.2018,0.00184,-0.00013,0.00209,24.5485,0.00264,24.5485,0.00264,-0.00011,0.00022,32.5674,0.02353,32.5707,0.02039,-0.00378,0.01266,2023-06-16 to 2023-07-13
15549,2023-06-25 04:35:33,heavyVsRef,39.677,0.009,76.781,0.016,-149.2,3.1,10.0,2885.0,3056.0,414.255,0.41287,413.672,0.6272,-0.59702,0.27661,42.1679,0.00169,42.1666,0.00252,-0.00144,0.00257,24.5506,0.00264,24.5506,0.00264,3e-05,0.00041,32.6008,0.02528,32.5969,0.023,0.00398,0.01903,2023-06-16 to 2023-07-13
15560,2023-06-26 20:05:46,heavyVsRef,39.661,0.005,76.765,0.01,-157.0,2.9,9.0,2426.0,2803.0,415.856,0.43873,415.231,0.59985,-0.63266,0.25681,41.9608,0.00091,41.9593,0.00192,-0.00159,0.00181,24.5469,0.00272,24.5469,0.00272,4e-05,0.00035,32.5486,0.02,32.5554,0.02191,-0.00662,0.00902,2023-06-16 to 2023-07-13
15562,2023-06-27 01:58:08,heavyVsRef,39.67,0.01,76.775,0.014,-153.1,4.5,9.0,2411.0,2795.0,416.032,0.47322,415.322,0.57969,-0.69178,0.16104,41.9552,0.00116,41.9546,0.00164,-0.00056,0.00189,24.5535,0.00274,24.5535,0.00274,0.00019,0.00051,32.5883,0.0201,32.5907,0.0184,-0.00216,0.01158,2023-06-16 to 2023-07-13
15564,2023-06-27 07:42:11,heavyVsRef,39.673,0.009,76.747,0.017,-136.4,2.4,8.0,2186.0,2528.0,415.777,0.44557,415.21,0.60073,-0.56427,0.26346,41.9254,0.00137,41.9256,0.00187,9e-05,0.00218,24.5559,0.00265,24.5559,0.00265,0.0001,0.00036,32.5965,0.03332,32.6023,0.02343,-0.00502,0.02722,2023-06-16 to 2023-07-13
15607,2023-06-30 22:45:29,heavyVsRef,39.655,0.007,76.75,0.014,-155.4,5.5,10.0,2886.0,3096.0,415.892,0.47359,415.364,0.65947,-0.53426,0.34107,42.0178,0.00139,42.0164,0.00154,-0.00136,0.00159,24.5551,0.00285,24.5551,0.00285,-2e-05,0.00033,32.5728,0.02756,32.5688,0.02281,0.00507,0.01324,2023-06-16 to 2023-07-13
15609,2023-07-01 04:44:23,heavyVsRef,39.669,0.005,76.801,0.01,-166.9,7.9,10.0,2623.0,3082.0,416.284,0.41746,415.623,0.572,-0.67995,0.22389,41.9875,0.00102,41.9863,0.00191,-0.00128,0.00167,24.556,0.00277,24.556,0.00277,-8e-05,0.00048,32.5852,0.02213,32.589,0.02166,-0.00363,0.0148,2023-06-16 to 2023-07-13
15630,2023-07-03 19:41:49,heavyVsRef,39.666,0.008,76.758,0.014,-148.8,5.2,10.0,2910.0,3111.0,416.066,0.41827,415.498,0.63678,-0.57148,0.18147,42.0187,0.00139,42.0187,0.00245,7e-05,0.00236,24.5618,0.00262,24.5618,0.00262,0.00014,0.00033,32.5894,0.02747,32.595,0.02564,-0.00579,0.01182,2023-06-16 to 2023-07-13
15632,2023-07-04 01:42:18,heavyVsRef,39.67,0.007,76.765,0.012,-148.4,6.5,10.0,2903.0,3089.0,415.849,0.41633,415.2,0.63131,-0.64824,0.19477,42.0601,0.00156,42.0584,0.00205,-0.00174,0.00229,24.5609,0.00263,24.5609,0.00263,9e-05,0.00034,32.5888,0.02476,32.5952,0.02294,-0.00612,0.01149,2023-06-16 to 2023-07-13
15634,2023-07-04 07:41:51,heavyVsRef,39.655,0.009,76.755,0.007,-157.4,9.5,10.0,2917.0,3115.0,416.017,0.45086,415.486,0.67479,-0.54661,0.23425,42.0417,0.00184,42.0426,0.00188,0.00084,0.00165,24.5667,0.00279,24.5667,0.00279,7e-05,0.00025,32.6175,0.02855,32.6229,0.02942,-0.0079,0.01869,2023-06-16 to 2023-07-13
15656,2023-07-06 17:54:08,heavyVsRef,39.669,0.015,76.785,0.027,-158.9,3.1,9.0,2574.0,2876.0,415.567,0.41149,415.105,0.6291,-0.46044,0.19051,42.0604,0.00125,42.0585,0.00136,-0.00181,0.00074,24.5649,0.00275,24.5649,0.00275,0.00011,0.00027,32.6427,0.01991,32.6456,0.02091,-0.00334,0.00768,2023-06-16 to 2023-07-13
15662,2023-07-06 23:54:28,heavyVsRef,39.698,0.01,76.827,0.024,-151.4,7.3,10.0,2879.0,3088.0,414.645,0.40657,414.153,0.62508,-0.50672,0.17279,42.1177,0.00128,42.1159,0.00221,-0.00169,0.00199,24.5632,0.00266,24.5632,0.00266,0.00033,0.00032,32.6178,0.02128,32.6176,0.01908,0.00055,0.0099,2023-06-16 to 2023-07-13
15683,2023-07-09 12:53:15,heavyVsRef,39.684,0.009,76.797,0.02,-150.3,8.2,10.0,2886.0,3123.0,414.924,0.44387,414.504,0.64679,-0.43427,0.21191,42.0414,0.00201,42.0399,0.00195,-0.00152,0.0026,24.5628,0.00267,24.5628,0.00267,0.0002,0.00037,32.6207,0.02497,32.6163,0.02001,0.00512,0.01301,2023-06-16 to 2023-07-13
15685,2023-07-09 18:53:01,heavyVsRef,39.684,0.016,76.788,0.032,-145.8,15.3,10.0,2882.0,3105.0,415.361,0.52461,414.917,0.67456,-0.47416,0.22756,42.0279,0.00138,42.0267,0.00175,-0.00113,0.00202,24.5653,0.00286,24.5653,0.00286,4e-05,0.00039,32.6343,0.02164,32.6385,0.02031,-0.00397,0.01496,2023-06-16 to 2023-07-13
15687,2023-07-10 00:53:46,heavyVsRef,39.663,0.014,76.751,0.023,-148.1,12.6,10.0,2916.0,3120.0,414.588,0.47153,413.933,0.65035,-0.67005,0.24608,42.1336,0.00141,42.1327,0.00139,-0.00089,0.00098,24.5547,0.00274,24.5547,0.00274,6e-05,0.00045,32.5978,0.02402,32.5993,0.02481,0.00003,0.00645,2023-06-16 to 2023-07-13
15689,2023-07-10 06:54:06,heavyVsRef,39.667,0.006,76.785,0.019,-160.9,9.0,10.0,2880.0,3084.0,414.207,0.4334,413.578,0.64173,-0.63658,0.22014,42.204,0.00114,42.2016,0.00151,-0.00235,0.00156,24.556,0.00262,24.556,0.00262,3e-05,0.00019,32.6005,0.02201,32.6107,0.01953,-0.0102,0.01029,2023-06-16 to 2023-07-13
15696,2023-07-10 23:29:39,heavyVsRef,39.674,0.006,76.798,0.013,-161.1,4.9,10.0,2878.0,3099.0,413.36,0.40018,412.771,0.60926,-0.6052,0.20523,42.3065,0.00067,42.3039,0.00142,-0.00258,0.00127,24.5539,0.00276,24.5539,0.00276,0.00011,0.00021,32.5855,0.02386,32.5871,0.0252,-0.0019,0.01257,2023-06-16 to 2023-07-13
15698,2023-07-11 05:30:00,heavyVsRef,39.654,0.015,76.749,0.021,-155.5,5.5,10.0,2889.0,3086.0,414.189,0.43981,413.516,0.6528,-0.68307,0.18104,42.2461,0.00148,42.244,0.00203,-0.00213,0.00226,24.5555,0.00316,24.5555,0.00316,-2e-05,0.0003,32.5991,0.02307,32.5984,0.0268,-0.00033,0.0072,2023-06-16 to 2023-07-13
15582,2023-06-28 23:51:24,DH11,12.876,0.016,24.76,0.019,-120.1,7.4,10.0,2886.0,3079.0,415.303,0.40044,415.423,0.65349,0.13309,0.24853,42.0789,0.0009,42.078,0.00116,-0.00095,0.00094,24.5594,0.00277,24.5594,0.00277,8e-05,0.00024,32.6077,0.02921,32.6151,0.02139,-0.00811,0.01912,2023-06-16 to 2023-07-13
15638,2023-07-04 21:39:27,ExpB,8.58,0.006,16.847,0.009,-277.9,5.7,9.0,2616.0,2897.0,415.343,0.4444,415.422,0.64446,0.07531,0.12523,42.1124,0.00135,42.1121,0.00142,-0.00039,0.00174,24.5582,0.00276,24.5582,0.00276,-8e-05,0.00038,,,,,,,2023-06-16 to 2023-07-13
15640,2023-07-05 03:37:27,ExpA,8.459,0.011,16.584,0.014,-261.3,8.1,10.0,2676.0,2900.0,416.72,0.41086,417.365,0.60508,0.64358,0.23342,41.8959,0.0009,41.8964,0.00142,0.00043,0.00166,24.5645,0.00268,24.5645,0.00268,-7e-05,0.00041,,,,,,,2023-06-16 to 2023-07-13
15641,2023-07-05 06:25:39,ExpA,8.569,0.008,16.798,0.007,-262.6,8.6,10.0,2678.0,2952.0,416.837,0.37979,417.61,0.57088,0.76895,0.14903,41.8941,0.00195,41.8942,0.00118,0.0,0.00177,24.5683,0.00276,24.5683,0.00276,-0.00011,0.00032,,,,,,,2023-06-16 to 2023-07-13
15599,2023-06-30 04:56:45,KoelnRefCO2-2,16.932,0.007,32.582,0.02,-138.6,7.4,8.0,2133.0,2708.0,416.226,0.48678,416.103,0.63924,-0.13689,0.221,41.9402,0.00092,41.9409,0.00194,0.00071,0.00207,24.5563,0.00265,24.5563,0.00265,0.00023,0.00035,,,,,,,2023-06-16 to 2023-07-13
15602,2023-06-30 07:49:27,KoelnRefCO2-2,16.942,0.01,32.582,0.014,-129.1,10.5,8.0,2297.0,2677.0,416.147,0.50496,416.141,0.66318,0.0311,0.33197,41.9558,0.00118,41.9555,0.00195,-0.0003,0.00205,24.5591,0.00269,24.5591,0.00269,0.00016,0.00028,,,,,,,2023-06-16 to 2023-07-13
15603,2023-06-30 10:43:19,KoelnRefCO2-2,16.952,0.006,32.599,0.023,-127.5,12.2,10.0,2893.0,3089.0,416.159,0.42854,416.211,0.65598,0.05091,0.24526,41.9972,0.0012,41.9957,0.00156,-0.0013,0.00156,24.5576,0.00266,24.5576,0.00266,0.00015,0.00035,,,,,,,2023-06-16 to 2023-07-13
15648,2023-07-06 03:06:00,KoelnRefCO2-2,16.912,0.021,32.537,0.02,-135.7,12.1,8.0,2057.0,2678.0,416.518,0.4382,416.413,0.55769,-0.11912,0.12748,41.946,0.00131,41.9444,0.00146,-0.00151,0.00207,24.565,0.00262,24.565,0.00262,7e-05,0.00035,,,,,,,2023-06-16 to 2023-07-13
15649,2023-07-06 05:54:45,KoelnRefCO2-2,16.92,0.02,32.541,0.039,-130.1,15.1,4.0,1091.0,1456.0,416.347,0.42956,416.311,0.58604,-0.03451,0.19159,41.9272,0.00138,41.9278,0.00188,0.00053,0.00239,24.5652,0.00261,24.5652,0.00261,-0.00018,0.0004,,,,,,,2023-06-16 to 2023-07-13
16115,2023-09-20 22:54:49,lightVsRef,-0.585,0.003,-0.713,0.005,-209.0,4.6,10.0,2453.0,2703.0,414.939,0.29122,414.567,0.36536,-0.36921,0.22968,42.2953,0.00244,42.2947,0.00089,-0.00033,0.00172,24.5937,0.00264,24.5937,0.00264,0.00011,0.00027,32.2219,0.02116,32.2192,0.01729,0.00335,0.01136,2023-09-20 to 2023-10-08
16126,2023-09-21 19:01:07,lightVsRef,-0.605,0.014,-0.744,0.016,-212.2,10.0,10.0,2511.0,2753.0,415.291,0.29464,415.403,0.39321,0.09713,0.21114,42.1731,0.00119,42.1733,0.00124,0.00017,0.00132,24.5905,0.00264,24.5905,0.00264,0.0,0.00036,32.2078,0.01976,32.2139,0.02144,-0.00557,0.00852,2023-09-20 to 2023-10-08
16128,2023-09-22 00:32:00,lightVsRef,-0.6,0.007,-0.754,0.013,-202.0,9.0,10.0,2447.0,2628.0,415.439,0.26262,415.453,0.39104,-0.01789,0.26768,42.154,0.00116,42.1541,0.00112,0.00012,0.00086,24.5895,0.00259,24.5895,0.00259,3e-05,0.00033,32.2304,0.02173,32.2322,0.0208,-0.00102,0.00828,2023-09-20 to 2023-10-08
16130,2023-09-22 06:01:54,lightVsRef,-0.59,0.004,-0.733,0.01,-202.7,4.5,10.0,2433.0,2752.0,415.175,0.37547,415.077,0.39227,-0.11556,0.26855,42.1825,0.00093,42.1832,0.00131,0.00066,0.00123,24.5912,0.00261,24.5912,0.00261,7e-05,0.00021,32.2352,0.02329,32.2336,0.02255,0.00107,0.01399,2023-09-20 to 2023-10-08
16145,2023-09-23 11:35:10,lightVsRef,-0.603,0.008,-0.701,0.01,-233.1,8.9,10.0,2405.0,2740.0,414.431,0.3256,414.434,0.52493,0.01045,0.54927,42.2651,0.00094,42.2651,0.00125,0.0,0.0014,24.5925,0.00267,24.5925,0.00267,0.00012,0.00031,32.3134,0.02394,32.3073,0.02713,0.0062,0.01615,2023-09-20 to 2023-10-08
16147,2023-09-23 17:04:37,lightVsRef,-0.607,0.011,-0.748,0.019,-212.4,5.1,10.0,2511.0,2790.0,414.481,0.28633,414.413,0.35671,-0.04017,0.15468,42.2896,0.00079,42.2892,0.00141,-0.00039,0.00108,24.5943,0.00261,24.5943,0.00261,8e-05,0.0003,32.329,0.02862,32.3293,0.02538,-0.00115,0.01432,2023-09-20 to 2023-10-08
16149,2023-09-23 22:38:02,lightVsRef,-0.604,0.007,-0.727,0.011,-220.5,10.5,10.0,2549.0,2772.0,414.879,0.28989,414.783,0.40088,-0.09624,0.29559,42.3165,0.00104,42.3172,0.00135,0.00061,0.00126,24.5946,0.00261,24.5946,0.00261,0.00017,0.00028,32.3257,0.02968,32.3176,0.03052,0.00796,0.01832,2023-09-20 to 2023-10-08
16151,2023-09-24 04:14:52,lightVsRef,-0.611,0.008,-0.75,0.007,-214.6,5.5,10.0,2529.0,2864.0,414.846,0.33915,414.848,0.42103,0.00341,0.32015,42.2494,0.0012,42.2495,0.00141,0.00024,0.00154,24.5941,0.00257,24.5941,0.00257,-5e-05,0.0003,32.3021,0.02566,32.2972,0.03017,0.00545,0.01281,2023-09-20 to 2023-10-08
16153,2023-09-24 13:03:15,lightVsRef,-0.609,0.004,-0.74,0.007,-218.3,4.2,10.0,2532.0,2804.0,414.675,0.23986,414.658,0.40486,-0.00916,0.23103,42.2679,0.00093,42.2676,0.00145,-0.00032,0.00168,24.5927,0.00256,24.5927,0.00256,-0.0001,0.00036,32.3184,0.02883,32.3132,0.03093,0.00588,0.01803,2023-09-20 to 2023-10-08
16155,2023-09-24 18:40:16,lightVsRef,-0.601,0.005,-0.738,0.008,-210.8,7.2,10.0,2478.0,2869.0,414.685,0.29151,414.635,0.40741,-0.05347,0.30573,42.2849,0.00113,42.2853,0.00143,0.00045,0.00158,24.5946,0.0026,24.5946,0.0026,0.00015,0.00038,32.335,0.02342,32.3264,0.02651,0.00838,0.00896,2023-09-20 to 2023-10-08
16157,2023-09-25 00:17:08,lightVsRef,-0.637,0.015,-0.804,0.024,-212.2,6.3,10.0,2464.0,2778.0,414.769,0.36631,414.653,0.48433,-0.11534,0.47267,42.2694,0.00135,42.2692,0.00093,-6e-05,0.00115,24.5933,0.00264,24.5933,0.00264,0.00013,0.00026,32.2842,0.02991,32.2839,0.02913,-0.00116,0.01426,2023-09-20 to 2023-10-08
16159,2023-09-25 05:52:07,lightVsRef,-0.57,0.038,-0.688,0.074,-206.7,4.9,10.0,2573.0,2819.0,414.511,0.29851,414.502,0.44102,-0.02108,0.33315,42.2228,0.00159,42.222,0.0009,-0.00073,0.00133,24.5933,0.00273,24.5933,0.00273,3e-05,0.00033,32.2728,0.03107,32.2698,0.02867,0.00445,0.01729,2023-09-20 to 2023-10-08
16161,2023-09-25 18:12:37,lightVsRef,-0.612,0.01,-0.739,0.02,-222.2,5.0,10.0,2495.0,2726.0,414.632,0.30823,414.532,0.39025,-0.07529,0.28797,42.28,0.00135,42.2804,0.00178,0.00042,0.00198,24.594,0.00267,24.594,0.00267,-1e-05,0.00027,32.33,0.02435,32.3357,0.022,-0.00482,0.01578,2023-09-20 to 2023-10-08
16163,2023-09-25 23:47:51,lightVsRef,-0.592,0.006,-0.723,0.022,-210.6,10.2,10.0,2467.0,2837.0,414.948,0.29809,414.667,0.36213,-0.29463,0.1795,42.2338,0.00141,42.2335,0.00095,-0.00023,0.0008,24.593,0.00255,24.593,0.00255,0.00021,0.00031,32.3028,0.02592,32.3097,0.02675,-0.0095,0.00916,2023-09-20 to 2023-10-08
16165,2023-09-26 05:24:44,lightVsRef,-0.594,0.01,-0.732,0.016,-207.0,4.5,10.0,2516.0,2821.0,414.863,0.29013,414.909,0.40056,0.02596,0.21824,42.2366,0.00174,42.2362,0.00113,-0.00047,0.00162,24.5928,0.00264,24.5928,0.00264,0.00012,0.00035,32.3062,0.04868,32.304,0.04967,0.00067,0.02266,2023-09-20 to 2023-10-08
16167,2023-09-26 11:02:46,lightVsRef,-0.629,0.012,-0.752,0.02,-231.9,14.0,10.0,2542.0,2805.0,414.805,0.29201,414.783,0.42547,-0.03433,0.17461,42.2867,0.001,42.2868,0.00087,0.00023,0.00059,24.5916,0.00263,24.5916,0.00263,-0.00011,0.00022,32.2907,0.03151,32.2951,0.02546,-0.00297,0.01745,2023-09-20 to 2023-10-08
16196,2023-10-01 03:29:23,lightVsRef,-0.604,0.005,-0.741,0.006,-212.7,5.9,10.0,2450.0,2857.0,415.114,0.27377,414.684,0.41575,-0.45472,0.29394,42.3343,0.00152,42.3334,0.00117,-0.00103,0.00103,24.5881,0.00268,24.5881,0.00268,0.00011,0.00031,32.2704,0.02692,32.2642,0.02532,0.00688,0.01257,2023-09-20 to 2023-10-08
16198,2023-10-01 09:04:37,lightVsRef,-0.609,0.008,-0.745,0.008,-215.5,5.9,10.0,2477.0,2809.0,415.078,0.31789,414.85,0.41709,-0.25575,0.25008,42.3062,0.00098,42.3068,0.00119,0.00073,0.00074,24.5886,0.00266,24.5886,0.00266,0.0002,0.00029,32.2823,0.03172,32.2771,0.02894,0.00603,0.01504,2023-09-20 to 2023-10-08
16200,2023-10-01 14:40:37,lightVsRef,-0.6,0.006,-0.734,0.006,-213.0,4.0,10.0,2536.0,2750.0,414.893,0.22328,414.864,0.40603,-0.03431,0.26808,42.3611,0.00117,42.3612,0.00088,0.00018,0.00094,24.5886,0.00268,24.5886,0.00268,0.0002,0.0004,32.2968,0.02143,32.2904,0.02187,0.00684,0.01181,2023-09-20 to 2023-10-08
16202,2023-10-01 21:10:30,lightVsRef,-0.603,0.007,-0.713,0.022,-226.7,8.9,10.0,2491.0,2773.0,414.978,0.33574,414.621,0.34879,-0.345,0.36792,42.399,0.00092,42.3991,0.00153,0.00019,0.00154,24.5884,0.00261,24.5884,0.00261,-0.00011,0.00041,32.2915,0.02221,32.2864,0.02476,0.00532,0.01406,2023-09-20 to 2023-10-08
16204,2023-10-02 02:45:56,lightVsRef,-0.595,0.011,-0.732,0.012,-208.0,5.5,10.0,2491.0,2824.0,414.99,0.30429,414.881,0.39387,-0.09461,0.21166,42.3608,0.00123,42.3611,0.0016,0.00027,0.00189,24.587,0.00272,24.587,0.00272,-1e-05,0.00024,32.2712,0.03264,32.2701,0.02753,0.00169,0.0179,2023-09-20 to 2023-10-08
16208,2023-10-02 21:03:38,lightVsRef,-0.602,0.01,-0.757,0.014,-201.7,6.1,10.0,2413.0,2862.0,414.832,0.28981,414.646,0.38548,-0.17211,0.29435,42.317,0.00095,42.3178,0.00115,0.00092,0.0013,24.5828,0.00275,24.5828,0.00275,5e-05,0.00036,32.2235,0.02442,32.2217,0.02452,0.00329,0.01458,2023-09-20 to 2023-10-08
16210,2023-10-03 02:38:26,lightVsRef,-0.585,0.007,-0.712,0.007,-209.5,8.1,10.0,2492.0,2709.0,414.693,0.31523,414.527,0.3646,-0.14126,0.27905,42.3771,0.00108,42.3764,0.00087,-0.00068,0.00096,24.5838,0.0026,24.5838,0.0026,0.00011,0.0002,32.2537,0.02994,32.2541,0.02937,-0.00025,0.0118,2023-09-20 to 2023-10-08
16212,2023-10-03 08:10:30,lightVsRef,-0.626,0.018,-0.757,0.019,-226.1,12.4,10.0,2419.0,2720.0,414.237,0.3627,414.31,0.47863,0.06628,0.44079,42.3813,0.00145,42.3807,0.00188,-0.00075,0.00223,24.5886,0.00285,24.5886,0.00285,0.0,0.00047,32.3034,0.02567,32.3049,0.02575,-0.0024,0.01895,2023-09-20 to 2023-10-08
16246,2023-10-07 16:53:27,lightVsRef,-0.605,0.005,-0.724,0.02,-222.5,11.8,10.0,2465.0,2858.0,414.025,0.31227,414.051,0.50424,0.03787,0.45888,42.4118,0.00131,42.4118,0.00155,-6e-05,0.00224,24.5887,0.00271,24.5887,0.00271,4e-05,0.00032,32.272,0.02557,32.2702,0.02364,0.00274,0.01165,2023-09-20 to 2023-10-08
16248,2023-10-07 22:33:28,lightVsRef,-0.604,0.011,-0.722,0.008,-222.9,7.2,10.0,2507.0,2852.0,413.98,0.32578,414.005,0.42368,0.03622,0.31484,42.3869,0.0009,42.3879,0.0012,0.00101,0.00116,24.5874,0.00261,24.5874,0.00261,-0.0001,0.00021,32.2523,0.03002,32.255,0.03367,-0.00332,0.01851,2023-09-20 to 2023-10-08
16109,2023-09-20 11:46:09,heavyVsRef,39.665,0.006,76.798,0.009,-169.0,3.8,10.0,2448.0,2724.0,414.124,0.24897,413.645,0.34597,-0.48532,0.14465,42.332,0.00111,42.3319,0.00125,-6e-05,0.00142,24.5991,0.00251,24.5991,0.00251,0.00035,0.00029,32.269,0.0222,32.2702,0.01967,-0.00101,0.01149,2023-09-20 to 2023-10-08
16122,2023-09-21 11:53:03,heavyVsRef,39.651,0.007,76.78,0.009,-173.4,5.0,10.0,2485.0,2727.0,414.096,0.28323,413.815,0.37341,-0.30849,0.16891,42.2665,0.00082,42.2655,0.00098,-0.00105,0.00086,24.5958,0.00253,24.5958,0.00253,-1e-05,0.00021,32.2814,0.01659,32.2782,0.01945,0.00353,0.00665,2023-09-20 to 2023-10-08
16125,2023-09-21 16:16:00,heavyVsRef,39.636,0.009,76.733,0.008,-165.7,8.7,10.0,2478.0,2716.0,415.163,0.29705,414.537,0.46291,-0.60693,0.33025,42.2364,0.00087,42.2363,0.00114,-6e-05,0.001,24.5941,0.00267,24.5941,0.00267,0.00014,0.00028,32.2588,0.03806,32.2547,0.03472,0.00361,0.01141,2023-09-20 to 2023-10-08
16129,2023-09-22 03:17:07,heavyVsRef,39.64,0.013,76.749,0.017,-169.0,8.3,10.0,2449.0,2721.0,415.156,0.29982,414.77,0.42681,-0.38706,0.34039,42.2209,0.00092,42.2217,0.00123,0.00089,0.00136,24.5909,0.00259,24.5909,0.00259,-2e-05,0.00028,32.2468,0.02081,32.2455,0.02447,0.00061,0.00836,2023-09-20 to 2023-10-08
16137,2023-09-22 08:48:14,heavyVsRef,39.656,0.008,76.795,0.015,-175.8,5.5,10.0,2393.0,2715.0,414.802,0.32255,414.224,0.37712,-0.58023,0.28997,42.2136,0.00109,42.2141,0.00106,0.0005,0.00119,24.5912,0.00264,24.5912,0.00264,0.0001,0.00043,32.2832,0.01951,32.2783,0.02373,0.00398,0.00999,2023-09-20 to 2023-10-08
16148,2023-09-23 19:53:44,heavyVsRef,39.657,0.008,76.761,0.014,-158.9,4.3,10.0,2483.0,2705.0,414.782,0.28722,414.183,0.47828,-0.60505,0.39945,42.2608,0.00134,42.2614,0.00154,0.00052,0.00142,24.594,0.00255,24.594,0.00255,-5e-05,0.00051,32.3159,0.02647,32.3173,0.02561,0.0007,0.01646,2023-09-20 to 2023-10-08
16150,2023-09-24 01:27:59,heavyVsRef,39.661,0.004,76.789,0.005,-168.7,2.9,10.0,2500.0,2829.0,414.684,0.32725,414.286,0.42176,-0.36877,0.31422,42.2575,0.00146,42.2573,0.00103,-0.00041,0.00112,24.5945,0.00258,24.5945,0.00258,8e-05,0.00029,32.3105,0.02933,32.3081,0.028,0.00308,0.01335,2023-09-20 to 2023-10-08
16152,2023-09-24 10:13:44,heavyVsRef,39.666,0.006,76.766,0.007,-152.7,5.0,10.0,2601.0,2815.0,414.545,0.27795,414.097,0.49631,-0.44261,0.43292,42.279,0.00096,42.2785,0.00146,-0.00052,0.00139,24.5933,0.00258,24.5933,0.00258,-1e-05,0.0004,32.291,0.03049,32.2983,0.02704,-0.00742,0.01636,2023-09-20 to 2023-10-08
16154,2023-09-24 15:52:56,heavyVsRef,39.68,0.006,76.806,0.006,-158.4,2.9,10.0,2615.0,2745.0,414.911,0.25853,414.065,0.42421,-0.84083,0.26532,42.2263,0.00096,42.2258,0.00086,-0.00048,0.00113,24.5946,0.00264,24.5946,0.00264,0.00021,0.00028,32.3361,0.02309,32.3321,0.02832,0.00345,0.00822,2023-09-20 to 2023-10-08
16156,2023-09-24 21:30:12,heavyVsRef,39.693,0.018,76.829,0.033,-157.4,11.2,10.0,2499.0,2818.0,414.699,0.40674,414.209,0.43337,-0.45437,0.38536,42.2533,0.00131,42.2538,0.00175,0.00035,0.00173,24.5935,0.00256,24.5935,0.00256,-0.00015,0.0003,32.3032,0.02519,32.3004,0.02216,0.00315,0.00949,2023-09-20 to 2023-10-08
16158,2023-09-25 03:05:17,heavyVsRef,39.674,0.018,76.798,0.033,-160.0,6.4,10.0,2491.0,2852.0,414.634,0.34347,413.94,0.52816,-0.71582,0.59549,42.2676,0.00142,42.2673,0.00115,-0.00025,0.00115,24.5931,0.00262,24.5931,0.00262,7e-05,0.00034,32.2823,0.03021,32.2837,0.02982,-0.00055,0.01474,2023-09-20 to 2023-10-08
16160,2023-09-25 15:25:46,heavyVsRef,39.664,0.012,76.799,0.018,-170.3,7.2,10.0,2478.0,2826.0,414.637,0.31803,414.226,0.40895,-0.42926,0.29798,42.2301,0.00085,42.2299,0.00176,-5e-05,0.00171,24.5935,0.00268,24.5935,0.00268,0.00013,0.00032,32.3272,0.02997,32.3199,0.02639,0.00402,0.01472,2023-09-20 to 2023-10-08
16162,2023-09-25 21:00:00,heavyVsRef,39.662,0.008,76.808,0.016,-177.1,8.7,10.0,2554.0,2782.0,414.743,0.27763,414.089,0.40442,-0.63205,0.23324,42.2877,0.0011,42.2878,0.00115,-2e-05,0.00125,24.5936,0.00276,24.5936,0.00276,-7e-05,0.00049,32.3401,0.02346,32.3375,0.02521,0.00133,0.01355,2023-09-20 to 2023-10-08
16164,2023-09-26 02:36:17,heavyVsRef,39.647,0.01,76.779,0.017,-177.5,6.2,10.0,2596.0,2774.0,414.794,0.28309,414.072,0.45362,-0.70191,0.3427,42.2873,0.00092,42.2869,0.00136,-0.00043,0.00153,24.5928,0.00267,24.5928,0.00267,-4e-05,0.00022,32.3094,0.05162,32.3089,0.03277,0.00117,0.03432,2023-09-20 to 2023-10-08
16166,2023-09-26 08:13:55,heavyVsRef,39.676,0.011,76.802,0.022,-161.2,7.4,10.0,2519.0,2863.0,414.674,0.26321,414.125,0.39857,-0.53727,0.30754,42.3322,0.00084,42.3321,0.00099,-0.00011,0.00099,24.5935,0.00266,24.5935,0.00266,4e-05,0.00032,32.3102,0.04249,32.304,0.05347,0.00341,0.01376,2023-09-20 to 2023-10-08
16193,2023-09-30 19:04:01,heavyVsRef,39.677,0.007,76.795,0.005,-156.5,4.3,10.0,2509.0,2814.0,414.862,0.29078,414.27,0.41189,-0.60049,0.26262,42.3497,0.0018,42.3497,0.00092,6e-05,0.00117,24.5879,0.00261,24.5879,0.00261,0.00017,0.00032,32.2651,0.02061,32.2606,0.02291,0.00484,0.0098,2023-09-20 to 2023-10-08
16197,2023-10-01 06:18:15,heavyVsRef,39.664,0.008,76.812,0.006,-177.2,5.1,10.0,2517.0,2759.0,414.926,0.27849,414.274,0.37772,-0.66093,0.21455,42.3434,0.00125,42.3437,0.00115,0.00027,0.00151,24.5893,0.0028,24.5893,0.0028,-1e-05,0.00036,32.2752,0.02303,32.2781,0.03165,-0.00089,0.01696,2023-09-20 to 2023-10-08
16199,2023-10-01 11:53:42,heavyVsRef,39.662,0.009,76.796,0.004,-171.4,8.7,10.0,2471.0,2834.0,414.864,0.26217,414.337,0.35817,-0.54079,0.20148,42.3575,0.0014,42.3575,0.00114,0.00012,0.00132,24.5889,0.00264,24.5889,0.00264,-0.00022,0.00032,32.3003,0.02529,32.3029,0.02473,-0.0024,0.01849,2023-09-20 to 2023-10-08
16201,2023-10-01 18:25:35,heavyVsRef,39.653,0.007,76.762,0.008,-163.4,7.8,10.0,2476.0,2736.0,414.974,0.25942,414.303,0.38743,-0.67306,0.27862,42.3346,0.00118,42.3345,0.00119,-0.00018,0.00145,24.5899,0.00269,24.5899,0.00269,-0.00013,0.00035,32.2982,0.02553,32.3014,0.023,-0.00356,0.01263,2023-09-20 to 2023-10-08
16203,2023-10-01 23:58:53,heavyVsRef,39.667,0.004,76.802,0.019,-169.3,8.4,10.0,2534.0,2751.0,414.917,0.28318,414.252,0.37051,-0.65356,0.24983,42.3891,0.00122,42.3888,0.00117,-0.0003,0.00137,24.587,0.0026,24.587,0.0026,0.00017,0.00042,32.2841,0.02424,32.2742,0.02341,0.01062,0.01509,2023-09-20 to 2023-10-08
16205,2023-10-02 05:34:50,heavyVsRef,39.662,0.004,76.779,0.004,-162.9,3.7,10.0,2502.0,2817.0,414.907,0.29593,414.365,0.36602,-0.52648,0.25864,42.3567,0.00088,42.3561,0.0008,-0.00054,0.00047,24.5866,0.00266,24.5866,0.00266,0.00015,0.00036,32.2754,0.0252,32.28,0.03318,-0.00382,0.01957,2023-09-20 to 2023-10-08
16207,2023-10-02 18:17:26,heavyVsRef,39.651,0.011,76.76,0.013,-164.5,11.0,10.0,2508.0,2811.0,414.686,0.27666,414.136,0.43055,-0.54182,0.31607,42.3502,0.00099,42.3505,0.00108,0.00034,0.00111,24.5858,0.00288,24.5858,0.00288,0.00015,0.00026,32.2392,0.02328,32.2395,0.02422,-0.00001,0.01027,2023-09-20 to 2023-10-08
16209,2023-10-02 23:52:12,heavyVsRef,39.65,0.008,76.789,0.008,-179.0,5.4,10.0,2465.0,2776.0,414.829,0.26723,414.24,0.41812,-0.59185,0.3175,42.4006,0.00113,42.4002,0.00166,-0.00025,0.0013,24.5828,0.00267,24.5828,0.00267,-1e-05,0.00029,32.2267,0.02525,32.2317,0.02576,-0.00494,0.01503,2023-09-20 to 2023-10-08
16211,2023-10-03 05:26:20,heavyVsRef,39.662,0.013,76.76,0.015,-153.4,10.6,10.0,2481.0,2693.0,414.393,0.25552,413.72,0.41821,-0.65334,0.31571,42.3823,0.00106,42.3816,0.00092,-0.00061,0.00078,24.5851,0.00261,24.5851,0.00261,-0.00014,0.00036,32.289,0.02695,32.2853,0.02979,0.0028,0.01586,2023-09-20 to 2023-10-08
16245,2023-10-07 14:06:04,heavyVsRef,39.649,0.011,76.758,0.014,-165.2,7.1,10.0,2510.0,2814.0,414.082,0.26894,413.637,0.37582,-0.45662,0.17117,42.3441,0.00168,42.3439,0.00123,-0.00018,0.00132,24.5902,0.00283,24.5902,0.00283,3e-05,0.00047,32.323,0.02494,32.3153,0.02831,0.00788,0.01555,2023-09-20 to 2023-10-08
16247,2023-10-07 19:44:30,heavyVsRef,39.659,0.01,76.758,0.015,-155.3,8.0,10.0,2517.0,2904.0,414.165,0.30996,413.677,0.3965,-0.46539,0.18726,42.3384,0.00122,42.3387,0.00103,0.00031,0.00142,24.5862,0.00266,24.5862,0.00266,0.00012,0.0003,32.2268,0.0203,32.2273,0.02026,-0.0001,0.00595,2023-09-20 to 2023-10-08
16168,2023-09-27 14:05:30,DH11,12.928,0.01,24.864,0.01,-122.2,6.6,10.0,2476.0,2760.0,414.207,0.29504,414.421,0.42442,0.2199,0.32773,42.2425,0.00136,42.2424,0.00103,-0.00014,0.00134,24.5877,0.00266,24.5877,0.00266,-6e-05,0.00037,32.3256,0.02395,32.3312,0.02254,-0.00502,0.01376,2023-09-20 to 2023-10-08
16169,2023-09-27 16:49:24,DH11,12.966,0.004,24.966,0.004,-137.4,4.2,10.0,2512.0,2814.0,414.232,0.27434,413.887,0.48199,-0.33353,0.38741,42.2719,0.00128,42.2713,0.00147,-0.00059,0.00146,24.5874,0.0026,24.5874,0.0026,0.0001,0.00031,32.32,0.02257,32.3191,0.02343,0.00266,0.01171,2023-09-20 to 2023-10-08
16220,2023-10-04 06:50:42,DH11,12.881,0.007,24.781,0.012,-126.4,9.3,10.0,2610.0,2778.0,414.873,0.29611,414.726,0.46923,-0.15344,0.264,42.3585,0.0012,42.3588,0.00118,0.00032,0.00115,24.5867,0.00263,24.5867,0.00263,0.00017,0.00036,32.2238,0.03607,32.2325,0.03576,-0.00821,0.01086,2023-09-20 to 2023-10-08
16221,2023-10-04 09:37:04,DH11,12.907,0.007,24.861,0.012,-141.7,10.6,10.0,2486.0,2765.0,414.879,0.29307,414.725,0.41716,-0.14161,0.33842,42.3522,0.00102,42.3521,0.0009,-0.00022,0.001,24.5892,0.0031,24.5892,0.0031,-8e-05,0.00029,32.2909,0.02897,32.2926,0.02727,-0.00127,0.01766,2023-09-20 to 2023-10-08
16235,2023-10-06 01:31:11,DH11,12.907,0.008,24.869,0.016,-145.3,9.1,10.0,2494.0,2828.0,414.713,0.3021,414.681,0.41286,-0.04671,0.28103,42.2604,0.00162,42.2603,0.00113,-5e-05,0.00181,24.5934,0.00262,24.5934,0.00262,0.00016,0.00038,32.2269,0.03629,32.2316,0.03547,-0.00277,0.02258,2023-09-20 to 2023-10-08
16236,2023-10-06 04:16:38,DH11,12.943,0.011,24.927,0.014,-139.7,7.5,10.0,2624.0,2918.0,414.523,0.34949,414.592,0.42605,0.05388,0.33119,42.2395,0.00105,42.2389,0.00096,-0.00062,0.00112,24.5915,0.00259,24.5915,0.00259,6e-05,0.00038,32.1936,0.03508,32.1944,0.03998,0.00095,0.01757,2023-09-20 to 2023-10-08
16187,2023-09-29 21:43:43,ExpI,8.551,0.006,16.755,0.005,-258.8,4.2,10.0,2411.0,2851.0,414.939,0.28101,415.053,0.38566,0.11627,0.24108,42.3194,0.00143,42.32,0.00128,0.00054,0.0013,24.5848,0.00258,24.5848,0.00258,-3e-05,0.00029,,,,,,,2023-09-20 to 2023-10-08
16188,2023-09-30 00:27:52,ExpI,8.57,0.006,16.818,0.006,-272.0,7.7,10.0,2525.0,2772.0,414.791,0.30685,414.724,0.36585,-0.0389,0.23832,42.3904,0.00094,42.39,0.0016,-0.00038,0.00145,24.5849,0.00255,24.5849,0.00255,-0.00011,0.00034,,,,,,,2023-09-20 to 2023-10-08
16191,2023-09-30 08:56:05,ExpH,8.536,0.007,16.763,0.006,-277.6,4.7,10.0,2596.0,2830.0,415.098,0.2523,414.994,0.42554,-0.09718,0.27688,42.3608,0.0009,42.3609,0.00157,0.00012,0.00161,24.5897,0.00268,24.5897,0.00268,-2e-05,0.00036,,,,,,,2023-09-20 to 2023-10-08
16192,2023-09-30 11:43:14,ExpH,8.582,0.006,16.836,0.012,-269.4,5.4,10.0,2459.0,2863.0,414.84,0.31914,414.696,0.40757,-0.14568,0.28622,42.3726,0.00098,42.3723,0.00092,-0.00031,0.00096,24.5901,0.00251,24.5901,0.00251,0.0,0.00021,,,,,,,2023-09-20 to 2023-10-08
16189,2023-09-30 03:18:47,ExpG,8.484,0.011,16.677,0.022,-284.8,6.9,10.0,2561.0,2835.0,414.922,0.26924,414.983,0.51274,0.08916,0.33215,42.3281,0.00144,42.3281,0.0009,6e-05,0.00083,24.5862,0.00278,24.5862,0.00278,-2e-05,0.00029,,,,,,,2023-09-20 to 2023-10-08
16190,2023-09-30 06:06:06,ExpG,8.541,0.007,16.763,0.008,-272.8,6.3,10.0,2420.0,2784.0,414.93,0.26841,414.578,0.43489,-0.35897,0.3541,42.3636,0.00098,42.3636,0.00136,2e-05,0.0013,24.5886,0.00258,24.5886,0.00258,7e-05,0.00031,,,,,,,2023-09-20 to 2023-10-08
16172,2023-09-28 01:15:03,ExpE,8.519,0.005,16.723,0.004,-273.7,5.1,10.0,2608.0,2773.0,414.119,0.26516,414.252,0.39848,0.13621,0.27764,42.301,0.0007,42.3011,0.00114,9e-05,0.00099,24.5861,0.00255,24.5861,0.00255,-6e-05,0.00025,,,,,,,2023-09-20 to 2023-10-08
16173,2023-09-28 04:01:06,ExpE,8.583,0.008,16.828,0.01,-264.3,7.3,10.0,2524.0,2758.0,414.229,0.33236,414.037,0.35404,-0.18336,0.21022,42.2621,0.00173,42.2629,0.00123,0.00074,0.0016,24.5865,0.00291,24.5865,0.00291,0.00014,0.00028,,,,,,,2023-09-20 to 2023-10-08
16186,2023-09-29 18:53:00,ExpE,8.607,0.013,16.897,0.014,-276.7,6.5,10.0,2494.0,2664.0,414.782,0.31428,414.549,0.4632,-0.23573,0.35464,42.3467,0.00109,42.3477,0.0014,0.00108,0.00134,24.5844,0.00266,24.5844,0.00266,8e-05,0.00023,,,,,,,2023-09-20 to 2023-10-08
16174,2023-09-28 06:52:21,ExpB,8.547,0.008,16.79,0.007,-281.1,6.7,10.0,2499.0,2744.0,414.134,0.2724,414.271,0.39727,0.15507,0.29739,42.301,0.00109,42.3011,0.00148,0.00013,0.00155,24.5891,0.00258,24.5891,0.00258,-0.0001,0.00037,,,,,,,2023-09-20 to 2023-10-08
16175,2023-09-28 09:36:00,ExpB,8.603,0.012,16.87,0.011,-267.3,6.3,10.0,2542.0,2837.0,414.526,0.29246,414.585,0.43265,0.05518,0.30319,42.2371,0.00131,42.2379,0.00117,0.00089,0.0016,24.5893,0.00256,24.5893,0.00256,-4e-05,0.00041,,,,,,,2023-09-20 to 2023-10-08
16170,2023-09-27 19:39:27,ExpA,8.516,0.008,16.712,0.005,-271.7,8.2,10.0,2590.0,2765.0,414.271,0.28123,414.425,0.41103,0.1588,0.22619,42.2363,0.00117,42.236,0.00112,-0.00023,0.00108,24.5873,0.00266,24.5873,0.00266,7e-05,0.00035,,,,,,,2023-09-20 to 2023-10-08
16171,2023-09-27 22:25:31,ExpA,8.572,0.008,16.815,0.01,-269.3,7.8,10.0,2405.0,2797.0,414.206,0.30206,414.207,0.42856,0.00965,0.3749,42.2834,0.00113,42.2835,0.0014,0.0002,0.0015,24.5865,0.0026,24.5865,0.0026,4e-05,0.00031,,,,,,,2023-09-20 to 2023-10-08
16224,2023-10-04 18:15:06,NBS18,9.204,0.008,17.774,0.01,-140.6,9.0,10.0,2566.0,2835.0,414.712,0.45242,414.366,0.49252,-0.34193,0.50215,42.346,0.00083,42.346,0.00125,9e-05,0.00118,24.589,0.00258,24.589,0.00258,-0.00014,0.00034,32.2246,0.02922,32.2246,0.03088,0.00181,0.01395,2023-09-20 to 2023-10-08
16225,2023-10-04 21:03:06,NBS18,9.267,0.013,17.884,0.023,-134.6,4.9,10.0,2522.0,2944.0,414.73,0.32728,414.677,0.52263,-0.03482,0.39531,42.259,0.00083,42.2593,0.00129,0.00034,0.00113,24.5902,0.00262,24.5902,0.00262,-3e-05,0.00016,32.246,0.03174,32.2487,0.03163,-0.002,0.01722,2023-09-20 to 2023-10-08
16228,2023-10-05 05:32:39,NBS18,9.205,0.014,17.796,0.018,-150.3,5.3,10.0,2526.0,2845.0,414.495,0.36797,414.612,0.44572,0.10821,0.42732,42.2642,0.00141,42.2634,0.00103,-0.00077,0.00094,24.5936,0.00265,24.5936,0.00265,0.0,0.00027,32.262,0.06202,32.2734,0.05747,-0.01466,0.03784,2023-09-20 to 2023-10-08
16229,2023-10-05 08:19:45,NBS18,9.267,0.011,17.92,0.022,-153.8,8.0,10.0,2529.0,2837.0,414.673,0.32335,414.67,0.42441,-0.0058,0.2497,42.2139,0.00147,42.2119,0.00098,-0.00203,0.0011,24.5936,0.00271,24.5936,0.00271,0.0001,0.00032,32.2588,0.03506,32.2544,0.03134,0.00553,0.01844,2023-09-20 to 2023-10-08
16233,2023-10-05 19:52:45,NBS18,9.223,0.011,17.813,0.012,-141.7,5.2,9.0,2318.0,2667.0,414.73,0.3486,414.797,0.41048,0.09476,0.25516,42.3388,0.00083,42.3383,0.00124,-0.00052,0.00113,24.5932,0.00267,24.5932,0.00267,-0.00018,0.00026,32.2817,0.03377,32.2758,0.0385,0.00726,0.01366,2023-09-20 to 2023-10-08
16234,2023-10-05 22:40:00,NBS18,9.294,0.008,17.925,0.013,-129.6,6.4,10.0,2549.0,2843.0,414.633,0.25551,414.719,0.37994,0.05496,0.19139,42.2546,0.00118,42.2551,0.00094,0.0006,0.00116,24.594,0.00258,24.594,0.00258,-4e-05,0.00034,32.2524,0.0333,32.2433,0.03279,0.00929,0.02243,2023-09-20 to 2023-10-08
16239,2023-10-06 21:11:09,NBS18,9.29,0.004,17.947,0.008,-144.6,2.9,10.0,2495.0,2828.0,414.254,0.33498,414.52,0.41948,0.26973,0.23178,42.332,0.00178,42.3319,0.00121,-6e-05,0.00143,24.5879,0.00264,24.5879,0.00264,-2e-05,0.00033,32.2674,0.02494,32.2603,0.0227,0.00774,0.01608,2023-09-20 to 2023-10-08
16240,2023-10-06 23:56:46,NBS18,9.357,0.01,18.069,0.01,-141.9,5.8,10.0,2470.0,2828.0,414.322,0.28848,414.454,0.37886,0.13728,0.23442,42.3731,0.00063,42.3731,0.00117,7e-05,0.00113,24.5902,0.00269,24.5902,0.00269,0.00015,0.0003,32.2977,0.02771,32.2971,0.02077,0.00065,0.01779,2023-09-20 to 2023-10-08
16243,2023-10-07 08:25:43,NBS18,9.268,0.006,17.893,0.011,-138.2,3.0,10.0,2558.0,2780.0,414.235,0.32067,414.42,0.38009,0.16074,0.22364,42.3498,0.0011,42.3491,0.00117,-0.00064,0.00113,24.5907,0.00255,24.5907,0.00255,5e-05,0.00032,32.2888,0.0315,32.2813,0.03217,0.00748,0.01014,2023-09-20 to 2023-10-08
16244,2023-10-07 11:11:21,NBS18,9.33,0.01,18.007,0.011,-136.1,7.2,10.0,2524.0,2739.0,414.257,0.28545,414.267,0.45915,-0.0054,0.32405,42.368,0.00095,42.3679,0.00109,-7e-05,0.00103,24.5908,0.00267,24.5908,0.00267,3e-05,0.0004,32.2984,0.03191,32.2977,0.03185,0.00026,0.01926,2023-09-20 to 2023-10-08
16180,2023-09-29 00:47:02,KoelnRefCO2-2,16.906,0.007,32.503,0.013,-123.7,6.5,10.0,2452.0,2718.0,414.595,0.28379,414.539,0.34139,-0.04692,0.20308,42.3701,0.00149,42.3708,0.00125,0.00088,0.00156,24.5856,0.00266,24.5856,0.00266,0.0001,0.00021,,,,,,,2023-09-20 to 2023-10-08
16181,2023-09-29 03:28:41,KoelnRefCO2-2,16.93,0.01,32.566,0.011,-132.0,4.8,10.0,2412.0,2769.0,414.723,0.24434,414.464,0.35024,-0.25837,0.18656,42.3535,0.00109,42.354,0.00174,0.00042,0.00203,24.5856,0.00253,24.5856,0.00253,0.0001,0.00038,,,,,,,2023-09-20 to 2023-10-08
16182,2023-09-29 06:12:57,KoelnRefCO2-2,16.922,0.006,32.552,0.006,-133.8,3.4,10.0,2406.0,2748.0,414.621,0.31158,414.692,0.36475,0.07653,0.28146,42.3452,0.00111,42.3452,0.001,5e-05,0.00112,24.5864,0.00258,24.5864,0.00258,-0.00016,0.00022,,,,,,,2023-09-20 to 2023-10-08
16222,2023-10-04 12:37:32,IAEA603,20.479,0.037,39.43,0.064,-146.9,7.7,10.0,2535.0,2846.0,414.752,0.31293,414.666,0.38946,-0.06873,0.21098,42.3167,0.00094,42.3172,0.00119,0.00041,0.00125,24.5928,0.00316,24.5928,0.00316,8e-05,0.00036,32.2963,0.03045,32.2907,0.03275,0.00839,0.00775,2023-09-20 to 2023-10-08
16223,2023-10-04 15:23:57,IAEA603,20.454,0.015,39.404,0.022,-158.3,8.8,10.0,2542.0,2873.0,414.839,0.2906,414.58,0.46436,-0.24434,0.33199,42.3393,0.0015,42.3383,0.0015,-0.00104,0.00101,24.5907,0.00263,24.5907,0.00263,9e-05,0.00042,32.2819,0.02307,32.279,0.0282,0.00254,0.0121,2023-09-20 to 2023-10-08
16226,2023-10-04 23:57:31,IAEA603,20.386,0.011,39.282,0.015,-162.7,8.9,10.0,2563.0,2759.0,414.763,0.32134,414.616,0.47747,-0.17439,0.30084,42.2579,0.0011,42.2571,0.00092,-0.00075,0.00109,24.5895,0.00264,24.5895,0.00264,6e-05,0.00031,32.2159,0.03876,32.2156,0.03401,-0.00347,0.01898,2023-09-20 to 2023-10-08
16227,2023-10-05 02:41:43,IAEA603,20.417,0.005,39.321,0.008,-152.0,4.5,10.0,2537.0,2846.0,414.693,0.2923,414.514,0.3865,-0.17127,0.28261,42.2401,0.0014,42.2408,0.00094,0.00069,0.00121,24.5924,0.00263,24.5924,0.00263,8e-05,0.00031,32.2492,0.05992,32.2395,0.0605,0.00732,0.02331,2023-09-20 to 2023-10-08
16231,2023-10-05 14:16:18,IAEA603,20.435,0.009,39.369,0.01,-159.2,5.0,10.0,2477.0,2805.0,414.764,0.263,414.787,0.45095,0.02398,0.33817,42.3598,0.00114,42.3603,0.00111,0.00055,0.00126,24.5968,0.00263,24.5968,0.00263,8e-05,0.00035,32.3369,0.03116,32.3372,0.03191,0.0021,0.00994,2023-09-20 to 2023-10-08
16232,2023-10-05 17:00:48,IAEA603,20.483,0.012,39.437,0.026,-146.3,7.9,10.0,2508.0,2847.0,414.772,0.31967,414.732,0.39633,-0.04614,0.28054,42.3551,0.00101,42.3561,0.0011,0.00096,0.0009,24.5935,0.00258,24.5935,0.00258,0.0001,0.00035,32.2934,0.02058,32.2821,0.02639,0.01204,0.00852,2023-09-20 to 2023-10-08
16237,2023-10-06 15:34:25,IAEA603,20.45,0.016,39.369,0.03,-144.3,5.1,9.0,2232.0,2571.0,414.072,0.25808,414.277,0.39003,0.20474,0.15263,42.2922,0.00112,42.2918,0.00124,-0.00036,0.00116,24.5899,0.0031,24.5899,0.0031,9e-05,0.00029,32.2476,0.02345,32.2527,0.02995,-0.00305,0.0113,2023-09-20 to 2023-10-08
16238,2023-10-06 18:20:23,IAEA603,20.495,0.013,39.493,0.022,-163.3,6.1,9.0,2246.0,2501.0,414.383,0.32032,414.206,0.36959,-0.17069,0.21613,42.3454,0.00089,42.3458,0.00107,0.00038,0.00091,24.5883,0.00261,24.5883,0.00261,-7e-05,0.00039,32.2523,0.02726,32.2459,0.02297,0.0079,0.01226,2023-09-20 to 2023-10-08
16241,2023-10-07 02:48:50,IAEA603,20.382,0.008,39.275,0.008,-162.8,6.1,10.0,2429.0,2786.0,414.216,0.35417,414.333,0.47483,0.09319,0.19704,42.3443,0.00125,42.3446,0.0012,0.00016,0.00078,24.5897,0.00268,24.5897,0.00268,-0.00024,0.00025,32.2893,0.0308,32.2922,0.02744,-0.00526,0.01951,2023-09-20 to 2023-10-08
16242,2023-10-07 05:34:31,IAEA603,20.441,0.01,39.348,0.012,-142.8,7.0,10.0,2458.0,2773.0,414.206,0.38075,414.242,0.43387,0.03423,0.26307,42.3738,0.00142,42.3738,0.00158,6e-05,0.00145,24.5912,0.00266,24.5912,0.00266,0.00011,0.00056,32.291,0.03017,32.2923,0.02671,-0.00068,0.01853,2023-09-20 to 2023-10-08
